,squad,pens_made,goals_assists_perG,goals_perG,fouls,assists,goals_pens_perG,players_used,cards_perG,fouls_perG,goals,games,shots_on_target_perG,cards_yellow,shots_on_target,cards_red,goals_assists_pens_perG,pens_att,games_starts_gk,minutes_gk,clean_sheets_perc_gk,losses_gk,wins_gk,goals_against_per90_gk,games_subs_gk,keepers_used_gk,minutes_per_game_gk,goals_against_gk,shots_on_target_against_gk,save_perc_gk,games_gk,draws_gk,clean_sheets_gk,season
0,Arsenal,0,1.76,0.95,,34,0.95,28,0.83,,40,42,4.26,34,179,1,1.76,0,42,3880,38.1,16,15,0.88,1,2,90,38,201,0.8109999999999999,43,11,16,1992
1,Aston Villa,2,2.31,1.33,,41,1.29,23,0.55,,56,42,5.17,23,217,0,2.26,3,42,3780,35.7,10,21,0.95,0,2,90,40,189,0.7879999999999999,42,11,15,1992
2,Blackburn Rovers,3,2.81,1.57,,52,1.5,23,0.98,,66,42,5.48,38,230,3,2.74,4,42,3780,45.2,11,20,1.1,0,1,90,46,184,0.75,42,11,19,1992
3,Chelsea,1,2.14,1.19,,40,1.17,29,0.95,,50,42,4.64,38,195,2,2.12,1,42,3780,26.2,14,14,1.29,1,4,88,54,210,0.743,43,14,11,1992
4,Coventry City,2,1.69,1.14,,27,1.0,28,0.79,,48,42,4.0,32,168,1,1.64,3,42,3780,26.2,16,13,1.36,0,2,90,57,191,0.7020000000000001,42,13,11,1992
5,Crystal Palace,0,1.79,1.07,,30,1.07,23,0.67,,45,42,3.81,25,160,3,1.79,1,42,3780,26.2,15,11,1.45,0,1,90,61,201,0.6970000000000001,42,16,11,1992
6,Everton,4,2.0,1.21,,33,1.12,25,0.69,,51,42,4.64,26,195,3,1.9,4,42,3780,26.2,19,15,1.31,3,2,84,55,196,0.7190000000000001,45,8,11,1992
7,Ipswich Town,4,1.88,1.19,,29,1.1,22,0.76,,50,42,3.98,31,167,1,1.79,5,42,3780,28.6,14,12,1.31,1,3,88,55,188,0.7070000000000001,43,16,12,1992
8,Leeds United,5,2.0,1.31,,35,1.05,29,0.98,,55,42,4.83,41,203,0,1.88,5,42,3780,26.2,15,12,1.48,0,3,90,62,185,0.665,42,15,11,1992
9,Liverpool,8,2.52,1.45,,45,1.21,25,0.69,,61,42,5.02,26,211,3,2.24,9,42,3790,28.6,15,16,1.31,1,3,88,55,191,0.7120000000000001,43,11,12,1992
10,Manchester City,3,2.26,1.26,,42,1.19,23,1.07,,53,42,5.4,44,227,1,2.19,4,42,3780,26.2,16,15,1.21,1,3,88,51,188,0.7290000000000001,43,13,11,1992
11,Manchester United,2,2.19,1.57,,35,1.31,20,0.69,,66,42,4.55,29,191,0,2.14,2,42,3780,42.9,6,24,0.74,0,1,90,31,142,0.782,42,12,18,1992
12,Middlesbrough,1,2.1,1.17,,39,1.14,26,1.07,,49,42,4.33,43,182,2,2.07,2,42,3659,19.0,20,11,1.84,2,4,83,75,219,0.6579999999999999,44,11,8,1992
13,Norwich City,3,2.4,1.38,,43,1.31,19,0.43,,58,42,4.6,18,193,0,2.33,4,42,3780,26.2,12,21,1.55,0,1,90,65,206,0.684,42,9,11,1992
14,Nottingham Forest,4,1.64,0.98,,30,0.83,23,0.67,,41,42,4.19,27,176,1,1.55,5,42,3780,21.4,22,10,1.48,0,2,90,62,208,0.7020000000000001,42,10,9,1992
15,Oldham Athletic,1,2.45,1.45,,42,1.43,20,0.86,,61,42,4.81,36,202,0,2.43,2,42,3780,7.1,19,13,1.76,0,3,90,74,208,0.644,42,10,3,1992
16,Queens Park Rangers,3,2.52,1.45,,45,1.38,19,0.64,,61,42,5.05,27,212,0,2.45,4,42,3770,19.0,13,17,1.31,1,2,88,55,192,0.7140000000000001,43,12,8,1992
17,Sheffield United,1,2.05,1.19,,36,1.17,21,1.14,,50,42,4.98,45,209,3,2.02,2,42,3820,26.2,18,14,1.25,1,2,89,53,201,0.736,43,10,11,1992
18,Sheffield Wednesday,3,2.24,1.29,,40,1.21,24,0.74,,54,42,5.14,30,216,1,2.17,3,42,3780,21.4,13,15,1.21,0,2,90,51,178,0.713,42,15,9,1992
19,Southampton,2,2.19,1.29,,38,1.24,18,1.24,,54,42,4.88,49,205,3,2.14,2,42,3780,23.8,18,13,1.45,0,1,90,61,212,0.7120000000000001,42,11,10,1992
20,Tottenham Hotspur,0,1.67,0.9,,33,0.88,24,0.83,,38,42,3.55,34,149,1,1.67,0,42,3720,23.8,15,16,1.6,2,2,85,66,186,0.645,44,11,10,1992
21,Wimbledon,2,2.24,1.29,,40,1.24,22,1.24,,54,42,4.71,49,198,3,2.19,3,42,3780,31.0,16,14,1.31,0,2,90,55,188,0.7070000000000001,42,12,13,1992
0,Arsenal,4,1.83,1.19,,27,1.1,20,0.74,,50,42,5.33,30,224,1,1.74,5,42,3780,50.0,7,18,0.67,1,2,88,28,148,0.8109999999999999,43,17,21,1993
1,Aston Villa,3,1.74,1.07,,28,1.0,24,0.52,,45,42,3.95,21,166,1,1.67,3,42,3850,35.7,15,15,1.17,2,2,88,50,175,0.7140000000000001,44,12,15,1993
2,Blackburn Rovers,3,2.5,1.5,,42,1.43,21,0.67,,63,42,5.83,28,245,0,2.43,4,54,4860,33.3,16,27,1.09,0,2,90,59,253,0.767,54,11,18,1993
3,Chelsea,3,1.83,1.21,,28,1.1,26,0.76,,51,42,4.24,30,178,2,1.76,5,42,3780,26.2,17,13,1.26,0,2,90,53,192,0.7240000000000001,42,12,11,1993
4,Coventry City,3,1.62,1.02,,25,0.95,26,0.31,,43,42,4.67,13,196,0,1.55,5,42,3780,33.3,14,14,1.07,0,2,90,45,198,0.773,42,14,14,1993
5,Everton,3,1.48,1.02,,23,0.86,21,0.83,,43,42,4.36,35,183,0,1.4,4,42,3780,23.8,22,12,1.5,0,1,90,63,226,0.721,42,8,10,1993
6,Ipswich Town,2,1.19,0.74,,19,0.69,19,0.5,,31,42,4.21,21,177,0,1.14,3,42,3780,33.3,17,9,1.38,0,2,90,58,247,0.765,42,16,14,1993
7,Leeds United,1,2.26,1.5,,38,1.33,23,0.81,,63,42,4.74,34,199,0,2.24,2,42,3780,42.9,8,18,0.93,0,2,90,39,186,0.79,42,16,18,1993
8,Liverpool,5,2.12,1.29,,35,1.07,22,0.64,,54,42,5.21,30,219,1,1.81,7,42,3750,21.4,16,17,1.32,1,2,87,55,191,0.7120000000000001,43,9,9,1993
9,Manchester City,1,1.14,0.83,,15,0.76,29,0.57,,35,42,3.24,24,136,0,1.12,2,42,3780,31.0,15,9,1.17,0,2,90,49,201,0.7559999999999999,42,18,13,1993
10,Manchester United,3,3.19,1.88,,55,1.81,24,0.79,,79,42,5.9,31,248,2,3.12,3,48,4410,35.4,7,31,0.96,1,2,90,47,187,0.7490000000000001,49,12,17,1993
11,Newcastle United,9,3.1,1.9,,50,1.64,23,0.45,,80,42,5.4,18,227,1,2.83,10,42,3818,35.7,11,24,0.97,1,3,89,41,200,0.795,43,8,15,1993
12,Norwich City,1,2.45,1.52,,39,1.33,21,0.62,,64,42,4.38,24,184,2,2.24,1,42,3780,23.8,13,12,1.45,1,2,88,61,204,0.701,43,17,10,1993
13,Oldham Athletic,1,1.55,0.95,,25,0.93,24,0.81,,40,42,3.95,30,166,4,1.52,2,36,3330,16.7,17,7,1.59,1,3,90,59,187,0.684,37,12,6,1993
14,Queens Park Rangers,5,2.31,1.43,,37,1.24,21,0.74,,60,42,4.43,28,186,3,2.12,6,42,3780,23.8,14,16,1.45,0,2,90,61,196,0.6890000000000001,42,12,10,1993
15,Sheffield United,0,1.6,0.98,,26,0.98,25,1.0,,41,42,4.21,38,177,4,1.6,0,42,3940,31.0,9,8,1.37,3,2,88,60,192,0.688,45,18,13,1993
16,Sheffield Wednesday,2,2.81,1.69,,47,1.64,24,0.6,,71,42,5.45,23,229,2,2.76,3,42,3780,23.8,10,16,1.29,0,2,90,54,194,0.722,42,16,10,1993
17,Southampton,7,1.9,1.19,,30,1.02,25,0.95,,50,42,4.86,39,204,1,1.74,7,30,2700,20.0,15,10,1.43,0,2,90,43,144,0.701,30,5,6,1993
18,Swindon Town,7,1.74,1.07,,28,0.9,24,0.93,,45,42,4.5,38,189,1,1.57,8,40,3700,10.0,21,5,2.26,3,3,86,93,239,0.611,43,15,4,1993
19,Tottenham Hotspur,2,2.0,1.26,,31,1.21,26,0.62,,53,42,4.64,25,195,1,1.95,4,42,3780,21.4,19,11,1.4,1,2,88,59,172,0.657,43,12,9,1993
20,West Ham United,2,1.74,1.05,,29,1.0,20,0.45,,44,42,4.02,19,169,0,1.69,3,42,3780,19.0,16,13,1.38,0,1,90,58,193,0.6990000000000001,42,13,8,1993
21,Wimbledon,1,1.83,1.17,,28,1.14,22,0.83,,49,42,4.69,35,197,0,1.81,2,42,3780,28.6,13,18,1.26,1,2,88,53,169,0.6859999999999999,43,11,12,1993
0,Arsenal,3,2.26,1.29,,41,1.21,30,1.5,,54,42,4.79,59,201,4,2.19,4,42,3780,31.0,17,13,1.17,0,2,90,49,190,0.742,42,12,13,1994
1,Aston Villa,1,1.98,1.14,,39,1.02,23,1.31,,48,42,4.17,52,175,3,1.95,1,42,3780,26.2,16,11,1.33,1,2,88,56,197,0.716,43,15,11,1994
2,Blackburn Rovers,10,3.24,1.86,,58,1.62,19,1.26,,78,42,6.29,49,264,4,3.0,12,42,3790,38.1,7,27,0.93,1,2,88,39,165,0.764,43,8,16,1994
3,Chelsea,1,2.05,1.12,,39,1.1,23,1.45,,47,42,4.55,58,191,3,2.02,2,42,3780,31.0,14,13,1.31,0,2,90,55,214,0.743,42,15,13,1994
4,Coventry City,5,1.86,1.0,,36,0.88,27,1.55,,42,42,4.86,63,204,2,1.74,5,42,3780,31.0,16,12,1.48,0,3,90,62,213,0.7090000000000001,42,14,13,1994
5,Crystal Palace,1,1.17,0.79,,22,0.62,22,1.21,,33,42,3.14,50,132,1,1.14,3,42,3780,33.3,19,11,1.17,1,2,88,49,196,0.75,43,12,14,1994
6,Everton,1,1.95,1.02,,39,1.0,24,1.43,,43,42,4.43,54,186,6,1.93,3,42,3780,33.3,14,11,1.21,0,2,90,51,232,0.78,42,17,14,1994
7,Ipswich Town,3,1.14,0.64,,21,0.57,27,0.93,,27,42,3.26,37,137,2,1.07,3,42,3780,7.1,29,7,2.21,0,3,90,93,285,0.674,42,6,3,1994
8,Leeds United,3,2.43,1.33,,46,1.26,20,1.36,,56,42,5.31,57,223,0,2.36,4,42,3780,40.5,9,20,0.9,0,1,90,38,198,0.8079999999999999,42,13,17,1994
9,Leicester City,0,1.74,1.1,,27,1.1,28,1.57,,46,42,3.79,58,159,8,1.74,1,42,3780,9.5,25,6,1.9,0,2,90,80,245,0.6729999999999999,42,11,4,1994
10,Liverpool,5,2.52,1.43,,46,1.24,20,0.9,,60,42,5.43,42,228,1,2.26,6,42,3780,38.1,10,21,0.88,0,1,90,37,170,0.782,42,11,16,1994
11,Manchester City,1,2.36,1.26,,46,1.24,26,1.29,,53,42,4.64,50,195,4,2.33,2,42,3780,23.8,17,12,1.52,1,3,88,64,224,0.7140000000000001,43,13,10,1994
12,Manchester United,4,2.9,1.81,,58,1.43,23,1.45,,76,42,4.71,59,198,2,2.81,4,42,3780,57.1,6,26,0.67,0,2,90,28,160,0.825,42,10,24,1994
13,Newcastle United,4,2.57,1.57,,54,1.19,22,1.31,,66,42,4.1,51,172,4,2.48,5,42,3730,33.3,10,20,1.13,2,2,85,47,185,0.746,44,12,14,1994
14,Norwich City,2,1.38,0.74,,27,0.69,24,1.48,,31,42,3.45,61,145,1,1.33,3,42,3780,23.8,18,10,1.26,0,3,90,53,194,0.727,42,13,10,1994
15,Nottingham Forest,5,3.31,1.69,,68,1.57,20,1.4,,71,42,5.0,58,210,1,3.19,6,42,3780,31.0,9,22,1.02,0,1,90,43,169,0.746,42,11,13,1994
16,Queens Park Rangers,0,2.55,1.43,,47,1.43,22,1.6,,60,42,4.9,63,206,4,2.55,1,42,3780,23.8,16,17,1.4,0,2,90,59,194,0.696,42,9,10,1994
17,Sheffield Wednesday,1,1.67,1.14,,34,0.83,25,1.31,,48,42,3.76,52,158,3,1.64,2,42,3750,28.6,17,13,1.37,1,2,87,57,195,0.708,43,12,12,1994
18,Southampton,3,2.12,1.45,,36,1.19,24,1.52,,61,42,4.17,64,175,0,2.05,3,42,3870,21.4,12,12,1.47,1,2,90,63,222,0.716,43,18,9,1994
19,Tottenham Hotspur,2,2.64,1.48,,49,1.43,24,1.1,,62,42,4.74,44,199,2,2.6,3,42,3780,26.2,12,16,1.38,0,2,90,58,181,0.68,42,14,11,1994
20,West Ham United,5,1.81,1.05,,32,0.93,24,1.6,,44,42,4.38,63,184,4,1.69,5,42,3780,31.0,18,13,1.14,0,1,90,48,192,0.75,42,11,13,1994
21,Wimbledon,3,1.76,0.95,,34,0.88,23,1.45,,40,42,4.07,56,171,5,1.69,4,42,3780,28.6,16,15,1.55,0,2,90,65,211,0.6920000000000001,42,11,12,1994
0,Arsenal,3,2.21,1.29,,35,1.21,23,1.66,,49,38,5.26,61,200,2,2.13,5,38,3420,42.1,9,17,0.84,0,1,90,32,157,0.7959999999999999,38,12,16,1995
1,Aston Villa,2,2.26,1.29,,37,1.24,22,1.26,,49,38,4.55,46,173,2,2.21,2,38,3420,34.2,11,19,0.92,2,2,86,35,153,0.7709999999999999,40,8,13,1995
2,Blackburn Rovers,3,2.76,1.58,,45,1.5,25,1.97,,60,38,5.79,70,220,5,2.68,3,38,3420,26.3,13,18,1.24,1,2,88,47,161,0.708,39,7,10,1995
3,Bolton Wanderers,3,1.74,1.03,,27,0.95,23,1.74,,39,38,4.37,64,166,2,1.66,3,38,3420,10.5,25,8,1.87,0,3,90,71,216,0.6709999999999999,38,5,4,1995
4,Chelsea,3,2.08,1.18,,34,1.11,22,2.0,,45,38,4.58,74,174,2,2.0,4,38,3420,31.6,12,12,1.16,0,2,90,44,172,0.7440000000000001,38,14,12,1995
5,Coventry City,1,1.92,1.11,,31,1.08,26,1.63,,42,38,4.82,60,183,2,1.89,2,38,3420,26.3,16,8,1.58,0,2,90,60,205,0.7070000000000001,38,14,10,1995
6,Everton,4,2.84,1.66,,45,1.55,23,1.84,,63,38,4.97,67,189,3,2.74,4,38,3420,39.5,11,17,1.16,0,1,90,44,169,0.74,38,10,15,1995
7,Leeds United,2,1.74,1.0,,28,0.95,28,1.63,,38,38,4.89,57,186,5,1.68,3,38,3446,26.3,20,12,1.51,4,4,82,58,202,0.713,42,7,10,1995
8,Liverpool,1,3.21,1.79,,54,1.68,18,1.03,,68,38,6.37,40,242,0,2.97,1,38,3420,42.1,7,20,0.89,0,1,90,34,166,0.795,38,11,16,1995
9,Manchester City,1,1.55,0.87,,26,0.84,24,1.66,,33,38,4.37,57,166,6,1.53,2,38,3420,21.1,18,9,1.53,0,1,90,58,203,0.7140000000000001,38,11,8,1995
10,Manchester United,4,3.53,1.89,,62,1.79,21,1.45,,72,38,5.66,52,215,3,3.42,4,38,3420,47.4,6,25,0.92,1,2,88,35,154,0.773,39,7,18,1995
11,Middlesbrough,3,1.61,0.89,,27,0.82,28,1.87,,34,38,4.03,68,153,3,1.53,4,38,3420,26.3,17,11,1.32,0,2,90,50,187,0.733,38,10,10,1995
12,Newcastle United,3,3.21,1.79,,54,1.71,18,1.32,,68,38,5.66,50,215,0,3.13,4,37,3320,35.1,8,24,1.0,1,2,87,37,160,0.769,38,6,13,1995
13,Nottingham Forest,3,2.18,1.26,,35,1.18,19,1.26,,48,38,4.82,46,183,2,2.11,3,38,3420,21.1,10,15,1.42,0,1,90,54,173,0.688,38,13,8,1995
14,Queens Park Rangers,0,1.84,0.97,,33,0.97,25,1.95,,37,38,4.0,70,152,4,1.82,1,38,3420,13.2,23,9,1.5,0,2,90,57,208,0.726,38,6,5,1995
15,Sheffield Wednesday,4,2.24,1.26,,37,1.16,25,0.82,,48,38,4.84,29,184,2,2.13,4,38,3420,15.8,18,10,1.61,1,3,88,61,208,0.7070000000000001,39,10,6,1995
16,Southampton,4,1.42,0.87,,21,0.76,23,1.66,,33,38,4.0,61,152,2,1.32,4,38,3420,26.3,18,9,1.37,0,2,90,52,192,0.7290000000000001,38,11,10,1995
17,Tottenham Hotspur,2,2.24,1.24,,38,1.18,21,1.45,,47,38,4.76,55,181,0,2.18,2,38,3420,28.9,9,16,1.0,0,1,90,38,164,0.768,38,13,11,1995
18,West Ham United,5,1.89,1.13,,29,1.0,27,1.45,,43,38,5.13,51,195,4,1.76,6,38,3434,28.9,15,14,1.36,1,4,88,52,171,0.696,39,9,11,1995
19,Wimbledon,2,2.45,1.42,,39,1.37,29,1.87,,54,38,4.84,63,184,8,2.39,2,38,3420,15.8,17,10,1.84,2,5,86,70,222,0.685,40,11,6,1995
0,Arsenal,8,2.5,1.55,,36,1.34,20,1.84,,59,38,6.29,67,239,3,2.29,8,38,3420,42.1,8,19,0.84,0,3,90,32,156,0.795,38,11,16,1996
1,Aston Villa,4,2.05,1.21,,32,1.11,18,1.32,,46,38,5.71,50,217,0,1.95,5,38,3420,39.5,12,17,0.89,0,2,90,34,163,0.7909999999999999,38,10,15,1996
2,Blackburn Rovers,2,2.05,1.11,,36,1.05,22,1.82,,42,38,4.37,68,166,1,2.0,3,38,3420,28.9,14,9,1.13,0,2,90,43,183,0.765,38,15,11,1996
3,Chelsea,4,2.71,1.47,,47,1.37,24,2.13,,56,38,5.66,80,215,1,2.61,5,36,3510,25.0,11,16,1.44,3,4,90,56,202,0.723,39,10,9,1996
4,Coventry City,3,1.71,0.95,,29,0.87,19,1.74,,36,38,4.82,62,183,4,1.63,3,38,3420,23.7,15,9,1.42,0,1,90,54,216,0.75,38,14,9,1996
5,Derby County,3,2.0,1.11,,34,1.03,23,1.61,,42,38,5.11,60,194,1,1.92,4,38,3442,21.1,13,11,1.44,1,3,88,55,199,0.7240000000000001,39,14,8,1996
6,Everton,4,2.13,1.18,,36,1.08,22,1.63,,45,38,5.55,60,211,2,2.03,6,38,3485,26.3,16,10,1.47,1,2,89,57,198,0.7120000000000001,39,12,10,1996
7,Leeds United,0,1.29,0.71,,22,0.71,23,2.26,,27,38,4.42,85,168,1,1.29,1,38,3420,52.6,14,11,1.0,0,2,90,38,181,0.79,38,13,20,1996
8,Leicester City,3,1.92,1.16,,29,1.08,22,1.79,,44,38,5.08,67,193,1,1.84,6,38,3420,23.7,15,12,1.42,0,2,90,54,203,0.7340000000000001,38,11,9,1996
9,Liverpool,2,2.79,1.53,,48,1.39,17,1.21,,58,38,6.08,45,231,1,2.58,3,38,3420,31.6,8,19,0.97,0,1,90,37,198,0.813,38,11,12,1996
10,Manchester United,4,3.08,1.84,,47,1.74,19,1.89,,70,38,6.29,71,239,1,2.97,6,38,3420,39.5,5,21,1.16,0,2,90,44,175,0.7490000000000001,38,12,15,1996
11,Middlesbrough,5,2.08,1.32,,29,1.18,23,2.37,,50,38,7.08,87,269,3,1.95,8,38,3460,15.8,16,10,1.56,1,4,89,60,225,0.733,39,12,6,1996
12,Newcastle United,5,3.16,1.89,,48,1.76,17,1.79,,72,38,6.76,67,257,1,3.03,7,38,3420,31.6,8,19,1.05,0,2,90,40,188,0.787,38,11,12,1996
13,Nottingham Forest,2,1.39,0.82,,22,0.76,25,1.84,,31,38,4.87,70,185,0,1.34,3,42,3780,21.4,17,6,1.6,0,4,90,67,225,0.7020000000000001,42,19,9,1996
14,Sheffield Wednesday,2,2.08,1.32,,29,1.26,20,1.53,,50,38,4.76,56,181,2,2.03,4,38,3420,26.3,9,14,1.34,0,1,90,51,216,0.764,38,15,10,1996
15,Southampton,6,2.21,1.24,,37,1.08,27,2.03,,47,38,5.29,73,201,4,2.05,7,39,3584,28.2,17,11,1.43,1,4,90,57,218,0.7390000000000001,40,12,11,1996
16,Sunderland,4,1.42,0.84,,22,0.74,19,1.26,,32,38,4.39,43,167,5,1.32,6,38,3488,28.9,18,10,1.37,1,2,89,53,212,0.75,39,10,11,1996
17,Tottenham Hotspur,2,1.97,1.13,,32,1.08,22,1.82,,43,38,5.03,68,191,1,1.92,3,38,3510,34.2,18,13,1.31,1,2,90,51,214,0.762,39,7,13,1996
18,West Ham United,5,1.97,1.05,,35,0.92,26,2.13,,40,38,5.76,78,219,3,1.84,6,38,3465,26.3,16,10,1.25,1,3,89,48,211,0.773,39,12,10,1996
19,Wimbledon,0,2.21,1.26,,36,1.26,22,1.37,,48,38,5.5,51,209,1,2.21,1,38,3480,28.9,12,15,1.19,1,2,89,46,212,0.7829999999999999,39,11,11,1996
0,Arsenal,5,3.21,1.74,,56,1.61,21,2.0,,66,38,6.55,72,249,4,3.08,6,38,3420,50.0,6,23,0.87,0,2,90,33,134,0.754,38,9,19,1997
1,Aston Villa,3,2.32,1.29,,39,1.21,18,1.24,,49,38,5.45,45,207,2,2.24,4,38,3420,23.7,15,17,1.26,0,2,90,48,163,0.706,38,6,9,1997
2,Barnsley,3,1.45,0.97,,18,0.89,21,1.76,,37,38,4.08,62,155,5,1.37,5,38,3484,13.2,23,10,2.12,1,2,89,82,284,0.711,39,5,5,1997
3,Blackburn Rovers,2,2.87,1.45,,54,1.39,19,1.58,,55,38,6.05,56,230,4,2.82,2,48,4320,31.3,17,18,1.48,0,4,90,71,245,0.71,48,11,15,1997
4,Bolton Wanderers,3,1.95,1.08,,33,1.0,24,1.97,,41,38,6.13,70,233,5,1.87,3,38,3472,26.3,16,9,1.58,2,2,87,61,217,0.7190000000000001,40,13,10,1997
5,Chelsea,6,3.5,1.76,,66,1.61,25,1.84,,67,38,5.89,67,224,3,3.34,6,38,3420,36.8,15,20,1.13,0,2,90,43,168,0.7440000000000001,38,3,14,1997
6,Coventry City,5,2.05,1.21,,32,1.08,20,1.95,,46,38,5.18,69,197,5,1.92,7,39,3510,33.3,10,12,1.13,0,2,90,44,192,0.7709999999999999,39,16,13,1997
7,Crystal Palace,1,1.63,0.92,,27,0.89,24,1.82,,35,38,3.76,66,143,3,1.61,2,38,3420,15.8,21,8,1.87,0,1,90,71,250,0.716,38,9,6,1997
8,Derby County,5,2.32,1.37,,36,1.24,23,2.08,,52,38,5.89,77,224,2,2.18,6,38,3420,34.2,15,16,1.29,0,2,90,49,138,0.645,38,7,13,1997
9,Everton,0,1.61,1.0,,30,0.82,30,2.08,,38,38,4.32,75,164,4,1.61,0,38,3420,26.3,16,9,1.47,0,3,90,56,197,0.716,38,13,10,1997
10,Leeds United,1,2.5,1.37,,43,1.34,19,2.13,,52,38,5.26,76,200,5,2.47,2,38,3420,28.9,14,17,1.5,0,2,90,57,176,0.6759999999999999,38,8,11,1997
11,Leicester City,4,2.39,1.34,,40,1.24,20,1.18,,51,38,4.74,43,180,2,2.29,4,38,3420,39.5,11,13,1.08,0,2,90,41,194,0.789,38,14,15,1997
12,Liverpool,4,3.29,1.79,,57,1.61,22,1.34,,68,38,6.45,52,245,2,3.03,5,38,3420,34.2,9,18,1.11,0,2,90,42,158,0.7340000000000001,38,11,13,1997
13,Manchester United,3,3.29,1.79,,57,1.71,23,1.63,,68,38,5.84,61,222,1,3.21,6,39,3510,51.3,7,23,0.67,0,3,90,26,138,0.812,39,8,20,1997
14,Newcastle United,1,1.5,0.92,,25,0.82,24,1.66,,35,38,4.87,60,185,3,1.47,2,39,3510,23.1,16,11,1.13,0,3,90,44,154,0.7140000000000001,39,11,9,1997
15,Sheffield Wednesday,3,2.5,1.34,,44,1.26,25,2.0,,51,38,5.24,71,199,5,2.42,3,38,3484,21.1,18,12,1.73,1,2,89,67,205,0.6729999999999999,39,8,8,1997
16,Southampton,5,2.24,1.26,,37,1.13,24,1.63,,48,38,4.45,58,169,4,2.11,5,38,3420,21.1,18,14,1.45,0,1,90,55,194,0.716,38,6,8,1997
17,Tottenham Hotspur,0,2.18,1.16,,39,1.16,25,1.53,,44,38,5.47,56,208,2,2.18,2,38,3420,26.3,16,11,1.47,0,2,90,56,194,0.711,38,11,10,1997
18,West Ham United,1,2.5,1.39,,42,1.37,23,1.71,,53,38,5.95,60,226,5,2.47,1,38,3420,21.1,14,16,1.5,0,3,90,57,199,0.7140000000000001,38,8,8,1997
19,Wimbledon,1,1.61,0.84,,29,0.82,21,1.32,,32,38,4.61,48,175,2,1.58,1,38,3420,34.2,14,10,1.21,0,1,90,46,182,0.747,38,14,13,1997
0,Arsenal,2,2.63,1.53,,42,1.47,25,2.05,,58,38,6.5,71,247,7,2.58,4,38,3420,60.5,4,22,0.45,0,2,90,17,124,0.863,38,12,23,1998
1,Aston Villa,2,1.87,1.32,,32,0.97,23,1.82,,50,38,3.79,65,144,4,1.82,4,38,3420,39.5,13,15,1.21,1,3,88,46,204,0.775,39,10,15,1998
2,Blackburn Rovers,2,1.63,0.89,,28,0.84,29,2.13,,34,38,4.66,76,177,5,1.58,4,40,3600,30.0,17,8,1.3,1,4,88,52,196,0.735,41,15,12,1998
3,Charlton Athletic,4,1.66,1.03,,24,0.92,27,1.68,,39,38,4.24,61,161,3,1.55,6,38,3284,28.9,18,8,1.53,3,3,80,56,178,0.685,41,12,11,1998
4,Chelsea,3,2.47,1.47,,38,1.39,26,2.47,,56,38,5.55,90,211,4,2.39,4,37,3330,40.5,3,20,0.81,1,3,88,30,136,0.779,38,15,15,1998
5,Coventry City,2,1.63,1.03,,26,0.89,27,1.95,,39,38,5.16,73,196,1,1.58,2,38,3420,18.4,18,11,1.34,0,2,90,51,202,0.748,38,9,7,1998
6,Derby County,4,1.68,1.05,,26,0.89,25,2.26,,40,38,4.0,84,152,2,1.58,6,38,3450,31.6,12,13,1.17,2,2,86,45,193,0.767,40,13,12,1998
7,Everton,3,1.79,1.16,,28,0.97,30,2.74,,44,38,4.61,99,175,5,1.71,6,38,3420,36.8,17,11,1.24,0,1,90,47,177,0.7340000000000001,38,10,14,1998
8,Leeds United,2,2.61,1.61,,38,1.55,24,2.16,,61,38,5.66,81,215,1,2.55,3,38,3420,39.5,7,18,0.89,1,2,88,34,207,0.836,39,13,15,1998
9,Leicester City,2,1.89,1.05,,32,1.0,24,1.47,,40,38,4.58,55,174,1,1.84,3,38,3420,36.8,13,12,1.21,2,2,86,46,198,0.768,40,13,14,1998
10,Liverpool,7,2.92,1.79,,43,1.61,24,1.58,,68,38,5.87,64,223,2,2.74,7,38,3420,21.1,14,15,1.29,0,2,90,49,181,0.7290000000000001,38,9,8,1998
11,Manchester United,2,3.68,2.05,,62,2.0,23,1.61,,78,38,6.53,58,248,3,3.63,4,38,3420,34.2,3,22,0.97,1,2,88,37,146,0.747,39,13,13,1998
12,Middlesbrough,1,1.89,1.24,,30,1.08,28,2.18,,47,38,5.63,81,214,2,1.87,1,38,3420,34.2,11,12,1.42,1,3,88,54,258,0.7909999999999999,39,15,13,1998
13,Newcastle United,6,1.87,1.24,,26,1.03,29,1.53,,47,38,5.18,54,197,4,1.71,7,38,3420,13.2,14,11,1.42,1,2,88,54,161,0.665,39,13,5,1998
14,Nottingham Forest,2,1.45,0.92,,23,0.79,31,2.5,,35,38,3.97,89,151,6,1.37,2,38,3420,15.8,22,7,1.82,0,2,90,69,225,0.693,38,9,6,1998
15,Sheffield Wednesday,1,1.79,1.03,,29,1.0,26,1.37,,39,38,3.82,48,145,4,1.76,2,38,3440,31.6,18,13,1.1,1,2,88,42,192,0.7809999999999999,39,7,12,1998
16,Southampton,1,1.63,0.92,,27,0.89,27,1.92,,35,38,4.29,70,163,3,1.61,1,39,3478,23.1,19,11,1.66,3,3,83,64,208,0.6920000000000001,42,8,9,1998
17,Tottenham Hotspur,2,2.13,1.26,,33,1.21,26,1.92,,48,38,5.26,67,200,6,2.08,3,38,3420,31.6,13,11,1.32,0,3,90,50,179,0.721,38,15,12,1998
18,West Ham United,1,2.11,1.26,,32,1.13,27,2.21,,48,38,5.03,78,191,6,1.95,1,38,3453,42.1,13,16,1.38,1,2,89,53,256,0.7929999999999999,39,9,16,1998
19,Wimbledon,1,1.87,1.05,,33,0.97,23,1.61,,40,38,3.89,60,148,1,1.84,1,38,3420,18.4,16,10,1.66,0,1,90,63,258,0.7559999999999999,38,12,7,1998
0,Arsenal,3,3.16,1.87,517.0,49,1.79,24,1.89,13.61,71,38,7.42,67,282,5,3.08,5,38,3420,26.3,9,22,1.13,1,2,88,43,126,0.659,39,7,10,1999
1,Aston Villa,3,2.34,1.26,538.0,41,1.18,24,1.74,14.16,48,38,4.21,65,160,1,2.26,5,38,3420,39.5,10,15,0.92,2,3,86,35,135,0.741,40,13,15,1999
2,Bradford City,5,1.53,0.97,519.0,21,0.84,25,1.45,13.66,37,38,3.95,54,150,1,1.39,5,38,3420,18.4,20,9,1.79,1,4,88,68,240,0.7170000000000001,39,9,7,1999
3,Chelsea,1,2.45,1.26,622.0,45,1.24,27,1.82,16.37,48,38,5.18,64,197,5,2.42,1,38,3420,44.7,9,18,0.89,0,2,90,34,132,0.742,38,11,17,1999
4,Coventry City,5,2.05,1.21,467.0,32,1.08,27,1.45,12.29,46,38,4.76,53,181,2,1.92,5,38,3420,23.7,18,12,1.42,0,2,90,54,213,0.746,38,8,9,1999
5,Derby County,2,1.84,1.11,550.0,28,1.05,29,2.32,14.47,42,38,4.21,84,160,4,1.79,4,38,3420,28.9,18,9,1.5,0,2,90,57,196,0.7090000000000001,38,11,11,1999
6,Everton,6,2.79,1.53,614.0,48,1.37,28,1.92,16.16,58,38,4.61,67,175,6,2.63,7,38,3420,28.9,12,12,1.29,1,3,88,49,206,0.762,39,14,11,1999
7,Leeds United,4,2.45,1.5,613.0,36,1.39,20,2.05,16.13,57,38,5.82,75,221,3,2.34,6,38,3420,34.2,6,21,1.13,0,1,90,43,189,0.772,38,11,13,1999
8,Leicester City,3,2.11,1.39,398.0,34,1.13,24,1.13,10.47,53,38,3.63,41,138,2,2.03,3,38,3420,18.4,15,16,1.45,2,2,86,55,179,0.693,40,7,7,1999
9,Liverpool,3,2.03,1.32,511.0,30,1.16,23,1.55,13.45,50,38,5.76,59,219,4,1.95,5,38,3420,39.5,9,19,0.79,0,2,90,30,129,0.767,38,10,15,1999
10,Manchester United,3,4.29,2.47,409.0,69,2.39,29,1.18,10.76,94,38,6.68,41,254,4,4.21,5,38,3421,26.3,3,28,1.18,4,4,81,45,156,0.7120000000000001,42,7,10,1999
11,Middlesbrough,6,1.84,1.16,583.0,26,1.0,27,2.16,15.34,44,38,4.63,79,176,3,1.68,9,38,3420,23.7,14,14,1.29,0,2,90,49,234,0.7909999999999999,38,10,9,1999
12,Newcastle United,6,2.71,1.58,539.0,43,1.42,32,1.37,14.18,60,38,5.13,49,195,3,2.55,6,38,3420,28.9,14,14,1.42,0,4,90,54,150,0.64,38,10,11,1999
13,Sheffield Wednesday,3,1.53,0.89,439.0,24,0.82,23,1.13,11.55,34,38,4.13,42,157,1,1.45,4,38,3420,18.4,23,8,1.84,1,2,88,70,232,0.698,39,7,7,1999
14,Southampton,1,1.95,1.11,522.0,32,1.08,28,1.68,13.74,42,38,4.97,59,189,5,1.92,1,38,3448,28.9,18,12,1.62,5,3,80,62,212,0.708,43,8,11,1999
15,Sunderland,6,2.53,1.5,606.0,39,1.34,25,2.11,15.95,57,38,4.87,76,185,4,2.37,8,38,3420,23.7,12,16,1.47,0,2,90,56,191,0.7070000000000001,38,10,9,1999
16,Tottenham Hotspur,1,2.5,1.45,533.0,40,1.42,27,2.24,14.03,55,38,5.45,84,207,1,2.47,1,38,3420,21.1,15,15,1.29,0,1,90,49,163,0.6990000000000001,38,8,8,1999
17,Watford,2,1.66,0.92,557.0,28,0.87,31,1.97,14.66,35,38,4.55,71,173,4,1.61,2,38,3420,13.2,26,6,2.03,0,2,90,77,220,0.65,38,6,5,1999
18,West Ham United,2,2.45,1.34,558.0,42,1.29,26,2.05,14.68,51,38,5.79,70,220,8,2.39,2,39,3483,25.6,13,15,1.37,2,5,85,53,193,0.725,41,10,10,1999
19,Wimbledon,1,2.03,1.16,508.0,33,1.13,26,1.47,13.37,44,38,3.84,52,146,4,2.0,1,38,3420,13.2,19,7,1.95,0,2,90,74,256,0.711,38,12,5,1999
0,Arsenal,1,3.0,1.63,509.0,52,1.61,26,1.29,13.39,62,38,7.03,46,267,3,2.97,2,38,3420,44.7,8,20,1.0,0,3,90,38,133,0.7140000000000001,38,10,17,2000
1,Aston Villa,1,2.13,1.21,540.0,35,1.18,22,1.71,14.21,46,38,4.37,62,166,3,2.11,1,38,3420,23.7,10,13,1.13,0,1,90,43,166,0.741,38,15,9,2000
2,Bradford City,3,1.13,0.68,487.0,17,0.61,27,1.24,12.82,26,38,3.24,46,123,1,1.05,5,41,3583,14.6,22,6,1.83,0,3,87,73,275,0.735,41,13,6,2000
3,Charlton Athletic,3,2.11,1.24,451.0,33,1.16,27,1.24,11.87,47,38,5.68,44,216,3,2.03,3,38,3420,36.8,14,14,1.53,1,3,88,58,195,0.703,39,10,14,2000
4,Chelsea,4,3.05,1.76,528.0,49,1.66,26,2.03,13.89,67,38,5.79,75,220,2,2.95,4,38,3420,26.3,11,17,1.18,1,2,88,45,150,0.7,39,10,10,2000
5,Coventry City,3,1.45,0.87,518.0,22,0.79,26,2.08,13.63,33,38,4.21,75,160,4,1.37,3,38,3420,15.8,20,8,1.66,1,3,88,63,220,0.7140000000000001,39,10,6,2000
6,Derby County,2,1.58,0.95,553.0,24,0.89,29,2.16,14.55,36,38,3.82,79,145,3,1.53,3,38,3420,34.2,16,10,1.61,1,2,88,61,219,0.721,39,12,13,2000
7,Everton,5,1.92,1.18,617.0,28,1.05,31,2.08,16.24,45,38,4.97,75,189,4,1.79,7,38,3420,18.4,18,11,1.55,1,3,88,59,172,0.657,39,9,7,2000
8,Ipswich Town,3,2.5,1.47,461.0,39,1.39,23,0.95,12.13,56,38,5.39,34,205,2,2.42,3,38,3420,34.2,12,20,1.11,0,2,90,42,157,0.732,38,6,13,2000
9,Leeds United,3,2.82,1.66,596.0,44,1.58,24,1.95,15.68,63,38,6.03,71,229,3,2.74,4,38,3420,28.9,10,20,1.13,1,2,88,43,162,0.735,39,8,11,2000
10,Leicester City,3,1.84,1.03,486.0,31,0.95,28,1.5,12.79,39,38,4.71,55,179,2,1.76,3,38,3420,28.9,18,14,1.34,3,2,83,51,202,0.748,41,6,11,2000
11,Liverpool,3,3.11,1.84,504.0,48,1.76,24,1.32,13.26,70,38,6.0,45,228,5,3.03,4,38,3420,36.8,9,20,1.03,0,1,90,39,165,0.764,38,9,14,2000
12,Manchester City,2,1.74,1.0,605.0,28,0.95,30,1.68,15.92,38,38,4.34,61,165,3,1.68,2,38,3420,18.4,20,7,1.71,0,3,90,65,204,0.6809999999999999,38,11,7,2000
13,Manchester United,2,3.61,2.03,430.0,60,1.97,27,1.16,11.32,77,38,6.61,41,251,3,3.55,3,38,3420,42.1,6,27,0.82,5,4,80,31,140,0.779,43,8,16,2000
14,Middlesbrough,3,1.79,1.13,572.0,25,1.05,26,2.32,15.05,43,38,4.61,83,175,5,1.71,3,35,3150,20.0,14,8,1.17,1,2,88,41,180,0.772,36,13,7,2000
15,Newcastle United,5,1.82,1.11,508.0,27,0.97,28,1.39,13.37,42,38,4.82,48,183,5,1.68,7,38,3420,18.4,15,14,1.32,1,2,88,50,179,0.721,39,9,7,2000
16,Southampton,0,1.79,1.05,492.0,28,1.05,24,1.13,12.95,40,38,4.55,42,173,1,1.79,0,38,3420,36.8,14,14,1.26,0,2,90,48,182,0.736,38,10,14,2000
17,Sunderland,2,2.05,1.21,609.0,32,1.16,25,2.05,16.03,46,38,5.13,72,195,6,2.0,4,38,3420,34.2,11,15,1.08,1,2,88,41,176,0.767,39,12,13,2000
18,Tottenham Hotspur,3,2.03,1.21,523.0,31,1.13,28,1.29,13.76,46,38,4.87,47,185,2,1.95,4,38,3420,28.9,15,13,1.39,1,2,88,53,208,0.745,39,9,11,2000
19,West Ham United,4,1.97,1.18,465.0,30,1.08,32,1.92,12.24,45,38,5.71,71,217,2,1.87,4,38,3420,21.1,16,10,1.26,1,3,88,48,180,0.733,39,12,8,2000
0,Arsenal,6,3.5,2.08,539.0,54,1.92,25,2.18,14.18,79,38,7.68,77,292,6,3.34,7,38,3420,36.8,3,26,0.95,1,3,88,36,178,0.7979999999999999,39,9,14,2001
1,Aston Villa,2,2.16,1.16,485.0,38,1.11,21,1.08,12.76,44,38,5.32,41,202,0,2.11,2,38,3420,21.1,12,12,1.24,0,2,90,47,193,0.7559999999999999,38,14,8,2001
2,Blackburn Rovers,1,2.45,1.42,533.0,39,1.39,24,1.58,14.03,54,38,6.66,56,253,4,2.42,1,38,3420,21.1,16,12,1.34,0,2,90,51,250,0.7959999999999999,38,10,8,2001
3,Bolton Wanderers,0,1.76,1.11,506.0,25,1.11,28,1.66,13.32,42,38,5.39,57,205,6,1.76,1,38,3448,18.4,16,9,1.7,2,5,86,65,252,0.742,40,13,7,2001
4,Charlton Athletic,0,1.61,0.95,500.0,25,0.95,25,1.63,13.16,36,38,5.58,59,212,3,1.61,1,38,3420,31.6,14,10,1.29,0,1,90,49,223,0.78,38,14,12,2001
5,Chelsea,3,2.84,1.71,438.0,43,1.63,24,1.71,11.53,65,38,6.24,63,237,2,2.76,3,38,3510,39.5,8,17,0.97,1,3,90,38,192,0.802,39,13,15,2001
6,Derby County,2,1.47,0.87,498.0,23,0.82,29,1.92,13.11,33,38,4.29,71,163,2,1.42,5,38,3410,15.8,24,8,1.66,1,3,87,63,248,0.746,39,6,6,2001
7,Everton,3,1.97,1.16,584.0,31,1.08,27,1.61,15.37,44,38,5.61,57,213,4,1.89,3,38,3420,28.9,17,11,1.5,0,2,90,57,241,0.763,38,10,11,2001
8,Fulham,1,1.66,0.92,452.0,28,0.89,23,1.42,11.89,35,38,4.74,53,180,1,1.63,3,38,3420,39.5,14,10,1.16,1,2,88,44,207,0.787,39,14,15,2001
9,Ipswich Town,1,1.92,1.08,471.0,32,1.05,25,1.16,12.39,41,38,6.08,43,231,1,1.89,3,34,3150,23.5,20,9,1.83,1,3,90,64,224,0.7140000000000001,35,9,8,2001
10,Leeds United,1,2.63,1.42,583.0,46,1.39,21,2.08,15.34,54,38,7.03,74,267,5,2.61,2,38,3420,47.4,8,18,0.97,0,1,90,37,195,0.81,38,12,18,2001
11,Leicester City,2,1.32,0.76,558.0,21,0.71,28,2.05,14.68,29,38,4.39,75,167,3,1.26,4,38,3420,18.4,20,5,1.68,1,2,88,64,242,0.736,39,13,7,2001
12,Liverpool,1,2.97,1.66,439.0,51,1.61,24,1.16,11.55,63,38,6.89,42,262,3,2.95,3,37,3330,48.6,6,24,0.81,1,3,88,30,156,0.8079999999999999,38,8,18,2001
13,Manchester United,5,3.61,2.13,426.0,56,2.0,26,1.42,11.21,81,38,7.61,53,289,1,3.47,5,38,3440,34.2,9,24,1.15,1,2,88,44,168,0.738,39,5,13,2001
14,Middlesbrough,2,1.42,0.87,470.0,21,0.82,29,1.55,12.37,33,38,3.74,51,142,8,1.37,3,38,3399,31.6,17,12,1.24,2,3,85,47,249,0.8109999999999999,40,9,12,2001
15,Newcastle United,5,3.29,1.89,497.0,53,1.76,19,1.24,13.08,72,38,6.97,45,265,2,3.16,7,38,3420,23.7,9,21,1.37,0,1,90,52,225,0.769,38,8,9,2001
16,Southampton,4,1.89,1.11,466.0,30,1.0,27,0.95,12.26,42,38,4.42,33,168,3,1.79,4,38,3420,23.7,17,12,1.42,0,2,90,54,204,0.735,38,9,9,2001
17,Sunderland,1,1.26,0.76,509.0,19,0.74,25,1.76,13.39,29,38,5.0,66,190,1,1.24,3,38,3420,28.9,18,10,1.34,0,2,90,51,229,0.777,38,10,11,2001
18,Tottenham Hotspur,3,2.13,1.26,465.0,33,1.18,24,1.58,12.24,48,38,5.58,56,212,4,2.05,3,38,3420,21.1,16,14,1.39,0,2,90,53,199,0.7340000000000001,38,8,8,2001
19,West Ham United,4,2.16,1.26,497.0,34,1.16,27,1.84,13.08,48,38,5.53,67,210,3,2.05,5,38,3420,34.2,15,15,1.5,0,2,90,57,215,0.735,38,8,13,2001
0,Arsenal,5,3.95,2.21,515.0,66,2.08,28,1.55,13.55,84,38,6.82,56,259,3,3.82,6,38,3420,26.3,6,23,1.11,1,3,88,42,147,0.7140000000000001,39,9,10,2002
1,Aston Villa,3,1.87,1.11,571.0,29,1.03,27,1.82,15.03,42,38,5.16,65,196,4,1.79,4,38,3420,23.7,17,12,1.24,1,2,88,47,176,0.733,39,9,9,2002
2,Birmingham City,4,1.74,1.05,553.0,26,0.95,34,1.95,14.55,40,38,3.71,70,141,4,1.63,5,38,3420,23.7,16,13,1.29,1,4,88,49,171,0.713,39,9,9,2002
3,Blackburn Rovers,5,2.32,1.32,590.0,38,1.18,27,1.74,15.53,50,38,4.58,62,174,4,2.18,6,38,3420,39.5,10,16,1.13,0,2,90,43,207,0.792,38,12,15,2002
4,Bolton Wanderers,1,1.63,1.0,464.0,24,0.82,27,1.84,12.21,38,38,4.0,66,152,4,1.45,2,38,3420,26.3,14,10,1.34,0,1,90,51,189,0.73,38,14,10,2002
5,Charlton Athletic,4,1.76,1.13,533.0,24,1.03,26,1.55,14.03,43,38,4.11,57,156,2,1.66,5,38,3420,21.1,17,14,1.47,1,2,88,56,190,0.705,39,7,8,2002
6,Chelsea,3,2.82,1.76,498.0,40,1.68,21,1.68,13.11,67,38,5.84,63,222,1,2.74,3,38,3420,34.2,9,19,1.0,0,2,90,38,156,0.7559999999999999,38,10,13,2002
7,Everton,4,2.11,1.26,514.0,32,1.16,26,1.55,13.53,48,38,4.79,52,182,7,2.0,4,38,3420,28.9,13,17,1.29,0,4,90,49,173,0.7170000000000001,38,8,11,2002
8,Fulham,6,1.61,1.0,540.0,23,0.84,27,1.63,14.21,38,38,4.79,56,182,6,1.45,7,38,3420,28.9,17,13,1.32,2,3,86,50,197,0.746,40,8,11,2002
9,Leeds United,4,2.45,1.42,568.0,39,1.32,26,1.87,14.95,54,38,4.63,69,176,2,2.34,5,38,3420,26.3,19,14,1.5,0,1,90,57,188,0.6970000000000001,38,5,10,2002
10,Liverpool,4,2.89,1.61,439.0,49,1.5,23,1.34,11.55,61,38,5.5,48,209,3,2.79,6,38,3420,36.8,10,18,1.08,0,2,90,41,146,0.7190000000000001,38,10,14,2002
11,Manchester City,2,2.29,1.24,510.0,40,1.18,26,1.61,13.42,47,38,4.42,55,168,6,2.24,2,38,3420,26.3,17,15,1.42,0,2,90,54,184,0.7070000000000001,38,6,10,2002
12,Manchester United,9,3.39,1.92,488.0,56,1.68,26,1.32,12.84,73,38,6.18,49,235,1,3.16,9,38,3420,34.2,5,25,0.89,3,3,83,34,122,0.721,41,8,13,2002
13,Middlesbrough,2,2.08,1.26,515.0,31,1.18,29,1.5,13.55,48,38,3.66,52,139,5,2.0,3,38,3420,26.3,15,13,1.16,0,1,90,44,184,0.7609999999999999,38,10,10,2002
14,Newcastle United,3,2.76,1.66,500.0,42,1.58,25,1.39,13.16,63,38,5.82,50,221,3,2.68,4,38,3420,36.8,11,21,1.26,0,1,90,48,179,0.732,38,6,14,2002
15,Southampton,6,1.74,1.11,548.0,24,0.95,24,1.32,14.42,42,38,5.03,47,191,3,1.58,6,38,3420,34.2,12,13,1.21,1,2,88,46,197,0.7659999999999999,39,13,13,2002
16,Sunderland,1,0.97,0.55,573.0,16,0.53,33,1.61,15.08,21,38,3.74,61,142,0,0.95,3,38,3420,15.8,27,4,1.71,2,4,86,65,210,0.69,40,7,6,2002
17,Tottenham Hotspur,3,2.24,1.32,497.0,35,1.16,24,1.66,13.08,50,38,4.37,60,166,6,2.05,3,38,3420,13.2,16,14,1.63,0,1,90,62,210,0.705,38,8,5,2002
18,West Bromwich Albion,1,1.05,0.76,573.0,11,0.74,22,1.53,15.08,29,38,4.39,54,167,4,1.03,1,38,3420,15.8,24,6,1.71,1,2,88,65,208,0.688,39,8,6,2002
19,West Ham United,4,1.84,1.08,542.0,29,0.97,24,1.89,14.26,41,38,4.87,68,185,4,1.74,5,38,3420,23.7,16,10,1.55,0,1,90,59,198,0.7020000000000001,38,12,9,2002
0,Arsenal,7,3.18,1.82,532.0,52,1.63,22,1.47,14.0,69,38,6.18,53,235,3,3.0,7,38,3420,39.5,0,26,0.68,0,1,90,26,114,0.772,38,12,15,2003
1,Aston Villa,4,2.16,1.26,609.0,34,1.16,24,1.55,16.03,48,38,4.79,56,182,3,2.05,5,38,3420,31.6,12,15,1.16,2,2,86,44,173,0.746,40,11,12,2003
2,Birmingham City,4,1.89,1.13,560.0,29,1.03,27,1.29,14.74,43,38,4.24,44,161,5,1.79,5,38,3420,39.5,12,12,1.26,2,2,86,48,183,0.738,40,14,15,2003
3,Blackburn Rovers,0,2.39,1.37,556.0,39,1.37,28,1.71,14.63,52,38,4.84,62,184,3,2.39,0,38,3420,23.7,18,12,1.55,0,2,90,59,201,0.706,38,8,9,2003
4,Bolton Wanderers,1,2.16,1.24,521.0,35,1.21,24,1.89,13.71,47,38,5.58,72,212,0,2.13,1,38,3420,26.3,13,14,1.47,0,1,90,56,182,0.6920000000000001,38,11,10,2003
5,Charlton Athletic,6,2.08,1.32,494.0,29,1.16,23,1.0,13.0,50,38,4.05,36,154,2,1.92,8,38,3420,26.3,13,14,1.34,0,2,90,51,205,0.7509999999999999,38,11,10,2003
6,Chelsea,4,3.29,1.76,543.0,58,1.66,27,1.47,14.29,67,38,5.68,52,216,4,3.18,4,38,3420,55.3,7,24,0.79,0,3,90,30,125,0.76,38,7,21,2003
7,Everton,1,1.92,1.11,474.0,31,1.08,26,1.53,12.47,42,38,4.21,55,160,3,1.89,1,38,3330,26.3,17,9,1.54,1,3,85,57,190,0.7,39,12,10,2003
8,Fulham,2,2.21,1.37,537.0,32,0.97,30,1.74,14.13,52,38,4.05,63,154,3,1.82,3,38,3330,39.5,14,14,1.24,0,2,88,46,207,0.778,38,10,15,2003
9,Leeds United,4,1.79,1.05,564.0,28,0.95,29,1.95,14.84,40,38,3.53,69,134,5,1.68,4,38,3420,7.9,21,8,2.08,1,2,88,79,215,0.633,39,9,3,2003
10,Leicester City,2,2.16,1.18,558.0,37,1.13,28,1.76,14.68,45,38,4.42,60,168,7,2.11,3,38,3420,23.7,17,6,1.71,3,2,83,65,210,0.69,41,15,9,2003
11,Liverpool,8,2.34,1.39,479.0,36,1.18,24,1.24,12.61,53,38,5.82,46,221,1,2.13,10,36,3240,33.3,9,15,0.97,1,3,88,35,139,0.748,37,12,12,2003
12,Manchester City,4,2.34,1.37,463.0,37,1.26,24,1.45,12.18,52,38,5.21,51,198,4,2.24,4,38,3420,18.4,15,9,1.42,2,3,86,54,184,0.7070000000000001,40,14,7,2003
13,Manchester United,1,3.08,1.66,448.0,54,1.45,22,1.21,11.79,63,38,4.79,43,182,3,2.79,4,38,3330,36.8,9,23,0.95,0,2,88,35,163,0.785,38,6,14,2003
14,Middlesbrough,3,1.84,1.11,554.0,28,1.03,27,1.47,14.58,42,38,4.79,55,182,1,1.76,5,38,3420,36.8,16,13,1.37,0,3,90,52,182,0.7140000000000001,38,9,14,2003
15,Newcastle United,7,2.26,1.39,534.0,33,1.21,23,1.32,14.05,53,38,4.68,47,178,3,2.08,10,38,3420,28.9,8,13,1.05,0,1,90,40,171,0.7659999999999999,38,17,11,2003
16,Portsmouth,3,2.08,1.29,603.0,31,1.18,31,1.68,15.87,49,38,4.39,61,167,3,2.0,3,38,3420,21.1,17,12,1.42,0,3,90,54,192,0.7190000000000001,38,9,8,2003
17,Southampton,2,1.84,1.13,504.0,27,1.08,27,1.47,13.26,43,38,4.61,53,175,3,1.79,2,30,2700,26.7,13,9,1.3,0,2,90,39,179,0.782,30,8,8,2003
18,Tottenham Hotspur,3,2.08,1.24,595.0,33,1.13,27,1.39,15.66,47,38,4.89,58,186,1,2.0,3,38,3420,21.1,19,13,1.5,0,1,90,57,198,0.7120000000000001,38,6,8,2003
19,Wolverhampton Wanderers,1,1.68,1.03,520.0,25,1.0,27,1.82,13.68,39,38,4.66,67,177,2,1.66,4,48,4320,25.0,22,11,1.77,0,3,90,85,283,0.7,48,15,12,2003
0,Arsenal,3,4.05,2.26,441.0,68,2.18,24,1.24,11.61,86,38,7.92,46,301,1,3.97,4,38,3420,42.1,5,25,0.95,0,2,90,36,146,0.753,38,8,16,2004
1,Aston Villa,3,2.03,1.13,583.0,34,1.05,21,1.5,15.34,43,38,5.61,55,213,2,1.95,6,38,3420,28.9,15,12,1.37,1,2,88,52,236,0.78,39,11,11,2004
2,Birmingham City,2,1.5,0.97,492.0,24,0.82,25,1.68,12.95,37,38,4.16,61,158,3,1.45,2,38,3420,23.7,15,11,1.21,0,1,90,46,212,0.7829999999999999,38,12,9,2004
3,Blackburn Rovers,2,1.45,0.82,554.0,24,0.76,27,2.05,14.58,31,38,5.16,73,196,5,1.39,3,38,3420,39.5,14,9,1.13,0,1,90,43,227,0.8109999999999999,38,15,15,2004
4,Bolton Wanderers,5,2.16,1.29,538.0,33,1.16,24,1.58,14.16,49,38,6.84,58,260,2,2.03,6,38,3420,21.1,12,16,1.16,1,3,88,44,179,0.754,39,10,8,2004
5,Charlton Athletic,0,1.82,1.08,450.0,28,1.08,21,1.03,11.84,41,38,4.5,35,171,4,1.82,0,38,3420,31.6,16,12,1.53,0,2,90,58,232,0.75,38,10,12,2004
6,Chelsea,5,3.39,1.87,479.0,58,1.74,27,1.42,12.61,71,38,8.16,54,310,0,3.26,6,38,3420,65.8,1,29,0.39,0,2,90,15,112,0.866,38,8,25,2004
7,Crystal Palace,10,1.82,1.13,539.0,26,0.87,26,1.61,14.18,43,38,5.03,58,191,3,1.55,12,38,3420,26.3,19,7,1.63,0,2,90,62,291,0.787,38,12,10,2004
8,Everton,2,2.08,1.18,508.0,34,1.13,21,1.55,13.37,45,38,4.55,55,173,4,2.03,3,38,3420,34.2,13,18,1.21,1,2,88,46,194,0.763,39,7,13,2004
9,Fulham,2,2.39,1.37,477.0,39,1.32,24,1.66,12.55,52,38,4.92,56,187,7,2.34,4,38,3420,21.1,18,12,1.58,1,2,88,60,258,0.767,39,8,8,2004
10,Liverpool,3,2.39,1.29,430.0,42,1.21,28,1.24,11.32,49,38,6.45,45,245,2,2.32,5,38,3420,18.4,14,17,1.08,0,3,90,41,171,0.76,38,7,7,2004
11,Manchester City,5,2.05,1.18,475.0,33,1.05,24,1.24,12.5,45,38,5.61,44,213,3,1.92,6,38,3420,28.9,12,13,1.03,0,1,90,39,195,0.8,38,13,11,2004
12,Manchester United,3,2.68,1.5,477.0,45,1.42,24,1.61,12.55,57,38,8.87,56,337,5,2.61,4,38,3420,50.0,5,22,0.68,0,2,90,26,106,0.755,38,11,19,2004
13,Middlesbrough,1,2.32,1.29,474.0,39,1.26,27,1.47,12.47,49,38,6.37,54,242,2,2.29,1,38,3420,28.9,11,14,1.21,0,3,90,46,213,0.784,38,13,11,2004
14,Newcastle United,3,2.0,1.16,526.0,32,1.08,26,1.87,13.84,44,38,6.32,65,240,6,1.92,3,38,3420,15.8,14,10,1.5,0,2,90,57,236,0.758,38,14,6,2004
15,Norwich City,3,1.84,1.08,534.0,29,1.0,25,1.08,14.05,41,38,4.82,39,183,2,1.76,4,38,3420,15.8,19,7,2.03,1,2,88,77,291,0.735,39,12,6,2004
16,Portsmouth,6,1.87,1.08,393.0,30,0.92,23,1.21,10.34,41,38,4.55,45,173,1,1.71,6,38,3420,13.2,19,10,1.55,0,3,90,59,266,0.778,38,9,5,2004
17,Southampton,3,1.92,1.16,431.0,30,1.05,28,1.11,11.34,44,38,4.55,45,173,2,1.84,3,38,3420,7.9,19,6,1.79,1,4,88,68,170,0.6,39,14,3,2004
18,Tottenham Hotspur,1,2.08,1.24,424.0,32,1.21,27,1.32,11.16,47,38,6.37,49,242,1,2.05,1,38,3420,34.2,14,14,1.08,1,2,88,41,217,0.8109999999999999,39,10,13,2004
19,West Bromwich Albion,2,1.55,0.89,512.0,25,0.84,26,1.21,13.47,34,38,5.03,41,191,5,1.5,3,38,3420,21.1,16,6,1.61,1,2,88,61,247,0.753,39,16,8,2004
0,Arsenal,4,2.95,1.74,479.0,46,1.63,27,1.5,12.61,66,38,7.24,55,275,2,2.84,7,38,3420,42.1,11,20,0.82,0,1,90,31,169,0.8170000000000001,38,7,16,2005
1,Aston Villa,1,2.0,1.08,522.0,35,1.05,25,1.68,13.74,41,38,4.97,63,189,1,1.97,4,38,3420,28.9,16,10,1.45,0,2,90,55,251,0.7809999999999999,38,12,11,2005
2,Birmingham City,2,1.18,0.68,484.0,19,0.63,27,1.58,12.74,26,38,4.5,53,171,7,1.13,2,38,3420,26.3,20,8,1.32,0,2,90,50,222,0.775,38,10,10,2005
3,Blackburn Rovers,4,2.05,1.29,568.0,29,1.18,23,2.21,14.95,49,38,4.76,78,181,6,1.95,4,38,3420,42.1,13,19,1.11,0,1,90,42,185,0.773,38,6,16,2005
4,Bolton Wanderers,2,2.11,1.24,506.0,33,1.18,24,1.76,13.32,47,38,5.37,64,204,3,2.05,4,38,3420,39.5,12,15,1.08,0,1,90,41,188,0.782,38,11,15,2005
5,Charlton Athletic,4,1.84,1.08,500.0,29,0.97,27,1.21,13.16,41,38,4.97,44,189,2,1.74,4,35,3150,34.3,15,12,1.34,0,2,90,47,211,0.777,35,8,12,2005
6,Chelsea,4,3.18,1.87,435.0,50,1.76,24,1.82,11.45,71,38,7.34,64,279,5,3.08,4,38,3420,52.6,5,29,0.58,1,3,88,22,154,0.857,39,4,20,2005
7,Everton,1,1.5,0.84,538.0,25,0.82,23,1.89,14.16,32,38,5.42,65,206,7,1.47,3,44,3879,29.5,20,14,1.35,2,4,84,58,231,0.7490000000000001,46,9,13,2005
8,Fulham,4,2.16,1.24,467.0,35,1.13,26,1.76,12.29,47,38,4.74,65,180,2,2.05,4,38,3420,26.3,18,14,1.53,2,3,86,58,226,0.743,40,6,10,2005
9,Liverpool,4,2.53,1.42,446.0,42,1.32,22,1.45,11.74,54,38,7.45,50,283,5,2.42,5,38,3412,57.9,6,25,0.66,0,2,90,25,163,0.847,38,7,22,2005
10,Manchester City,1,1.92,1.11,513.0,31,1.08,25,1.92,13.5,42,38,5.42,69,206,4,1.89,2,38,3420,15.8,21,13,1.26,0,1,90,48,206,0.767,38,4,6,2005
11,Manchester United,2,3.11,1.79,483.0,50,1.74,23,1.66,12.71,68,38,7.53,61,286,2,3.05,3,38,3420,47.4,5,25,0.89,1,2,88,34,187,0.818,39,8,18,2005
12,Middlesbrough,5,2.16,1.26,490.0,34,1.13,30,1.47,12.89,48,38,5.55,53,211,3,2.03,5,38,3420,26.3,17,12,1.53,0,3,90,58,222,0.7390000000000001,38,9,10,2005
13,Newcastle United,5,2.0,1.18,593.0,31,1.05,22,1.82,15.61,45,38,5.5,63,209,6,1.87,5,38,3420,34.2,14,17,1.11,0,1,90,42,175,0.76,38,7,13,2005
14,Portsmouth,2,1.53,0.95,499.0,22,0.89,28,1.47,13.13,36,38,5.97,55,227,1,1.47,2,35,3150,14.3,18,10,1.74,0,2,90,61,194,0.6859999999999999,35,4,5,2005
15,Sunderland,2,1.03,0.63,536.0,15,0.58,27,1.92,14.11,24,38,4.74,69,180,4,0.97,2,38,3420,10.5,29,3,1.82,0,2,90,69,277,0.7509999999999999,38,6,4,2005
16,Tottenham Hotspur,4,2.37,1.37,455.0,38,1.26,23,1.47,11.97,52,38,6.08,50,231,6,2.26,6,38,3420,34.2,9,18,1.0,0,1,90,38,165,0.77,38,11,13,2005
17,West Bromwich Albion,1,1.26,0.82,466.0,18,0.76,26,1.29,12.26,31,38,4.08,47,155,2,1.24,2,38,3391,26.3,22,7,1.49,0,2,89,56,245,0.7709999999999999,38,9,10,2005
18,West Ham United,3,2.03,1.26,478.0,29,1.18,26,1.37,12.58,48,38,4.32,50,164,2,1.95,5,38,3420,23.7,15,16,1.45,1,4,88,55,219,0.7490000000000001,39,7,9,2005
19,Wigan Athletic,1,1.95,1.16,497.0,30,1.13,25,1.55,13.08,44,38,5.55,55,211,4,1.92,1,38,3420,26.3,17,15,1.37,1,2,88,52,201,0.741,39,6,10,2005
0,Arsenal,10,2.84,1.58,367.0,48,1.32,24,1.61,9.66,60,38,6.55,58,249,3,2.58,11,38,3420,31.6,8,19,0.92,0,3,90,35,177,0.802,38,11,12,2006
1,Aston Villa,6,2.0,1.18,541.0,31,1.03,29,1.34,14.24,45,38,6.0,50,228,1,1.84,8,38,3420,34.2,10,11,1.08,2,3,86,41,207,0.802,40,17,13,2006
2,Blackburn Rovers,5,2.16,1.29,497.0,33,1.16,27,2.08,13.08,49,38,5.55,73,211,6,2.03,7,38,3420,21.1,16,15,1.42,1,2,88,54,277,0.805,39,7,8,2006
3,Bolton Wanderers,6,2.11,1.18,528.0,35,1.03,22,2.37,13.89,45,38,5.13,86,195,4,1.95,7,38,3420,31.6,14,16,1.37,0,1,90,52,216,0.759,38,8,12,2006
4,Charlton Athletic,4,1.42,0.84,443.0,22,0.74,28,1.79,11.66,32,38,4.53,64,172,4,1.32,4,38,3420,28.9,20,8,1.58,0,3,90,60,247,0.757,38,10,11,2006
5,Chelsea,3,2.82,1.53,437.0,49,1.45,25,1.79,11.5,58,38,6.18,64,235,4,2.74,4,38,3335,57.9,3,24,0.65,0,3,88,24,175,0.863,38,11,22,2006
6,Everton,8,2.24,1.32,523.0,35,1.11,24,1.74,13.76,50,38,5.26,65,200,1,2.03,8,38,3420,36.8,10,15,0.95,0,3,90,36,221,0.8370000000000001,38,13,14,2006
7,Fulham,3,1.66,0.95,459.0,27,0.87,24,1.61,12.08,36,38,4.66,58,177,3,1.58,3,38,3420,18.4,15,8,1.58,1,2,88,60,237,0.747,39,15,7,2006
8,Liverpool,6,2.63,1.47,446.0,44,1.32,27,1.16,11.74,56,38,6.55,44,249,0,2.47,7,38,3420,52.6,10,20,0.71,0,3,90,27,173,0.8440000000000001,38,8,20,2006
9,Manchester City,2,1.29,0.74,493.0,21,0.68,26,1.5,12.97,28,38,4.71,53,179,4,1.24,4,38,3420,36.8,18,11,1.16,2,3,86,44,199,0.779,40,9,14,2006
10,Manchester United,5,3.68,2.11,426.0,60,1.97,25,1.53,11.21,80,38,7.89,57,300,1,3.55,6,38,3420,42.1,5,28,0.71,0,2,90,27,176,0.847,38,5,16,2006
11,Middlesbrough,4,2.0,1.13,489.0,33,1.03,26,1.76,12.87,43,38,4.45,65,169,2,1.89,5,38,3420,23.7,16,12,1.29,0,2,90,49,234,0.7909999999999999,38,10,9,2006
12,Newcastle United,5,1.68,1.0,461.0,26,0.87,29,1.82,12.13,38,38,4.79,68,182,1,1.55,5,38,3416,18.4,17,11,1.24,3,3,83,47,224,0.79,41,10,7,2006
13,Portsmouth,2,1.87,1.05,505.0,31,1.0,22,1.29,13.29,40,38,5.13,47,195,2,1.82,3,38,3420,31.6,13,13,1.11,0,1,90,42,214,0.804,38,12,12,2006
14,Reading,3,2.26,1.26,400.0,38,1.18,23,1.13,10.53,48,38,4.39,40,167,3,2.18,3,38,3420,34.2,15,16,1.24,2,2,86,47,223,0.789,40,7,13,2006
15,Sheffield United,2,1.37,0.82,438.0,21,0.76,29,1.79,11.53,31,38,5.08,66,193,2,1.32,4,38,3392,23.7,20,10,1.46,0,3,89,55,235,0.7659999999999999,38,8,9,2006
16,Tottenham Hotspur,5,2.39,1.42,410.0,37,1.29,25,1.26,10.79,54,38,5.63,45,214,3,2.26,5,38,3420,15.8,12,17,1.42,0,1,90,54,196,0.7240000000000001,38,9,6,2006
17,Watford,3,1.11,0.63,517.0,18,0.55,28,1.26,13.61,24,38,3.79,46,144,2,1.03,3,38,3419,23.7,20,5,1.55,1,2,88,59,272,0.7829999999999999,39,13,9,2006
18,West Ham United,1,1.61,0.95,573.0,25,0.92,26,2.58,15.08,36,38,4.03,94,153,4,1.58,3,38,3420,23.7,21,12,1.55,0,2,90,59,239,0.753,38,5,9,2006
19,Wigan Athletic,3,1.61,0.97,510.0,24,0.89,23,2.11,13.42,37,38,4.95,76,188,4,1.53,6,38,3420,26.3,20,10,1.58,1,3,88,60,236,0.746,39,8,10,2006
0,Arsenal,5,3.42,1.92,389.0,57,1.79,27,1.53,10.24,73,38,6.58,55,250,3,3.29,6,38,3420,39.5,3,24,0.82,1,3,88,31,155,0.8,39,11,15,2007
1,Aston Villa,6,2.84,1.74,523.0,42,1.58,22,1.58,13.76,66,38,5.26,56,200,4,2.68,7,38,3420,23.7,10,16,1.34,1,2,88,51,170,0.7,39,12,9,2007
2,Birmingham City,6,1.71,1.16,502.0,21,1.0,28,1.89,13.21,44,38,4.68,69,178,3,1.55,6,38,3420,7.9,19,8,1.63,0,3,90,62,266,0.767,38,11,3,2007
3,Blackburn Rovers,5,2.16,1.32,552.0,32,1.18,22,2.11,14.53,50,38,5.76,74,219,6,2.03,6,38,3420,21.1,10,15,1.26,0,1,90,48,201,0.7609999999999999,38,13,8,2007
4,Bolton Wanderers,0,1.47,0.89,499.0,22,0.63,30,1.97,13.13,34,38,4.26,75,162,0,1.13,1,38,3420,31.6,19,9,1.42,0,2,90,54,207,0.7390000000000001,38,10,12,2007
5,Chelsea,7,3.05,1.68,431.0,52,1.47,26,1.87,11.34,64,38,5.45,65,207,6,2.71,7,38,3420,55.3,3,25,0.68,1,3,88,26,142,0.8170000000000001,39,10,21,2007
6,Derby County,0,0.82,0.5,515.0,12,0.5,36,1.66,13.55,19,38,3.71,62,141,1,0.82,0,38,3420,7.9,29,1,2.34,0,3,90,89,263,0.662,38,8,3,2007
7,Everton,1,2.18,1.39,474.0,30,1.37,23,1.13,12.47,53,38,5.0,40,190,3,2.16,1,38,3420,36.8,11,19,0.87,0,2,90,33,176,0.813,38,8,14,2007
8,Fulham,2,1.42,0.97,477.0,17,0.92,32,1.71,12.55,37,38,4.58,59,174,6,1.37,3,38,3420,18.4,18,8,1.58,0,3,90,60,230,0.7390000000000001,38,12,7,2007
9,Liverpool,5,2.82,1.68,440.0,43,1.55,25,1.24,11.58,64,38,7.0,46,266,1,2.68,5,38,3420,47.4,4,21,0.74,0,1,90,28,138,0.797,38,13,18,2007
10,Manchester City,2,1.89,1.11,395.0,30,1.05,28,1.45,10.39,42,38,4.45,51,169,4,1.84,2,38,3420,28.9,13,15,1.39,0,3,90,53,221,0.76,38,10,11,2007
11,Manchester United,6,3.42,2.05,406.0,52,1.89,25,1.39,10.68,78,38,7.92,51,301,2,3.26,8,38,3420,55.3,5,27,0.58,1,3,88,22,150,0.853,39,6,21,2007
12,Middlesbrough,2,1.84,1.13,516.0,27,1.08,29,2.29,13.58,43,38,4.76,85,181,2,1.79,2,38,3420,21.1,16,10,1.39,0,3,90,53,184,0.7120000000000001,38,12,8,2007
13,Newcastle United,4,1.84,1.13,470.0,27,1.03,26,1.58,12.37,43,38,4.58,59,174,1,1.74,4,38,3420,21.1,17,11,1.71,2,2,86,65,256,0.746,40,10,8,2007
14,Portsmouth,4,2.05,1.21,528.0,32,1.11,28,1.55,13.89,46,38,4.87,56,185,3,1.95,7,38,3420,42.1,13,16,1.05,0,2,90,40,205,0.805,38,9,16,2007
15,Reading,2,1.76,1.08,451.0,26,1.03,26,1.74,11.87,41,38,4.82,61,183,5,1.71,4,38,3420,21.1,22,10,1.74,0,1,90,66,254,0.74,38,6,8,2007
16,Sunderland,1,1.5,0.95,502.0,21,0.92,31,1.82,13.21,36,38,4.03,66,153,3,1.47,2,38,3420,18.4,21,11,1.55,0,3,90,59,182,0.6759999999999999,38,6,7,2007
17,Tottenham Hotspur,4,2.63,1.71,385.0,35,1.61,30,1.37,10.13,65,38,6.21,51,236,1,2.53,6,38,3420,23.7,14,11,1.61,0,2,90,61,206,0.7040000000000001,38,13,9,2007
18,West Ham United,2,1.79,1.03,517.0,29,0.97,28,1.76,13.61,39,38,4.71,65,179,2,1.74,2,38,3420,21.1,15,13,1.32,0,1,90,50,189,0.735,38,10,8,2007
19,Wigan Athletic,4,1.37,0.87,502.0,19,0.76,27,1.68,13.21,33,38,4.84,60,184,4,1.26,5,38,3420,31.6,18,10,1.34,0,2,90,51,197,0.741,38,10,12,2007
0,Arsenal,5,2.97,1.71,449.0,48,1.58,28,1.63,11.82,65,38,6.08,59,231,3,2.84,5,38,3420,36.8,6,20,0.97,1,3,88,37,149,0.752,39,12,14,2008
1,Aston Villa,4,2.18,1.26,462.0,35,1.16,21,1.45,12.16,48,38,4.74,53,180,2,2.08,5,38,3420,34.2,10,17,1.26,1,2,88,48,186,0.742,39,11,13,2008
2,Blackburn Rovers,4,1.79,1.05,546.0,28,0.95,28,2.11,14.37,40,38,4.03,76,153,4,1.68,7,38,3420,26.3,17,10,1.58,1,2,88,60,177,0.6609999999999999,39,11,10,2008
3,Bolton Wanderers,0,1.79,1.05,527.0,28,1.05,24,1.63,13.87,40,38,4.87,61,185,1,1.79,1,38,3420,18.4,19,11,1.39,0,1,90,53,213,0.7509999999999999,38,8,7,2008
4,Chelsea,2,2.89,1.71,438.0,45,1.66,29,1.39,11.53,65,38,7.5,50,285,3,2.84,2,38,3420,57.9,5,25,0.63,0,3,90,24,144,0.833,38,8,22,2008
5,Everton,4,2.42,1.42,512.0,38,1.32,25,1.32,13.47,54,38,5.26,49,200,1,2.32,5,38,3420,44.7,9,17,0.97,0,1,90,37,186,0.8009999999999999,38,12,17,2008
6,Fulham,5,1.66,1.03,446.0,24,0.89,25,1.08,11.74,39,38,4.55,40,173,1,1.53,5,38,3420,39.5,13,14,0.89,0,1,90,34,195,0.826,38,11,15,2008
7,Hull City,3,1.37,0.92,568.0,17,0.84,29,1.95,14.95,35,38,4.21,71,160,3,1.29,3,38,3420,15.8,19,8,1.68,0,2,90,64,212,0.698,38,11,6,2008
8,Liverpool,5,3.24,1.92,447.0,50,1.79,23,1.32,11.76,73,38,7.08,50,269,0,3.11,6,38,3420,52.6,2,25,0.71,0,1,90,27,122,0.779,38,11,20,2008
9,Manchester City,6,2.39,1.47,492.0,35,1.32,34,1.42,12.95,56,38,5.61,50,213,4,2.24,7,38,3420,26.3,18,15,1.32,1,3,88,50,192,0.74,39,5,10,2008
10,Manchester United,4,3.13,1.79,425.0,51,1.68,33,1.82,11.18,68,38,7.16,64,272,5,3.03,4,38,3420,63.2,4,28,0.63,1,3,88,24,138,0.826,39,6,24,2008
11,Middlesbrough,1,1.13,0.68,450.0,17,0.66,28,1.5,11.84,26,38,4.03,54,153,3,1.11,3,38,3420,18.4,20,7,1.5,0,2,90,57,216,0.736,38,11,7,2008
12,Newcastle United,4,1.63,1.03,438.0,23,0.92,29,1.76,11.53,39,38,3.92,59,149,8,1.53,5,38,3420,18.4,18,7,1.55,0,2,90,59,210,0.7190000000000001,38,13,7,2008
13,Portsmouth,2,1.61,0.95,460.0,25,0.89,29,1.74,12.11,36,38,4.29,61,163,5,1.55,3,38,3420,21.1,17,10,1.5,0,2,90,57,212,0.731,38,11,8,2008
14,Stoke City,5,1.55,0.95,515.0,23,0.82,29,2.08,13.55,36,38,3.16,74,120,5,1.42,6,38,3420,31.6,17,12,1.45,3,2,83,55,191,0.7120000000000001,41,9,12,2008
15,Sunderland,1,1.34,0.84,399.0,19,0.82,30,1.84,10.5,32,38,4.32,69,164,1,1.32,1,38,3420,23.7,20,9,1.42,0,2,90,54,168,0.679,38,9,9,2008
16,Tottenham Hotspur,3,1.92,1.13,460.0,30,1.05,29,1.61,12.11,43,38,5.5,56,209,5,1.84,4,38,3420,34.2,15,14,1.18,0,2,90,45,203,0.778,38,9,13,2008
17,West Bromwich Albion,3,1.5,0.89,466.0,23,0.82,30,1.76,12.26,34,38,4.79,66,182,1,1.42,5,38,3420,21.1,22,8,1.76,0,2,90,67,227,0.705,38,8,8,2008
18,West Ham United,1,1.74,1.08,500.0,25,1.05,30,1.89,13.16,41,38,4.74,68,180,4,1.71,3,38,3420,26.3,15,14,1.18,0,1,90,45,197,0.772,38,9,10,2008
19,Wigan Athletic,5,1.26,0.87,465.0,15,0.74,29,1.71,12.24,33,38,4.82,61,183,4,1.13,5,38,3420,34.2,17,12,1.18,1,3,88,45,134,0.664,39,9,13,2008
0,Arsenal,3,3.47,2.08,468.0,53,2.0,30,1.5,12.32,79,38,6.24,56,237,1,3.39,4,38,3420,36.8,9,23,1.08,0,3,90,41,129,0.682,38,6,14,2009
1,Aston Villa,5,2.16,1.26,504.0,34,1.13,23,1.63,13.26,48,38,4.32,60,164,2,2.03,8,38,3420,39.5,8,17,1.03,0,1,90,39,186,0.79,38,13,15,2009
2,Birmingham City,2,1.53,0.95,449.0,22,0.89,25,1.97,11.82,36,38,4.11,74,156,1,1.47,4,38,3420,28.9,14,13,1.24,0,2,90,47,208,0.774,38,11,11,2009
3,Blackburn Rovers,3,1.58,1.0,538.0,22,0.92,27,1.61,14.16,38,38,4.37,59,166,2,1.5,3,38,3420,34.2,14,13,1.45,1,2,88,55,176,0.688,39,11,13,2009
4,Bolton Wanderers,4,1.74,1.11,552.0,24,1.0,25,2.11,14.53,42,38,4.5,75,171,5,1.63,4,38,3420,13.2,19,10,1.76,0,1,90,67,208,0.6779999999999999,38,9,5,2009
5,Burnley,6,1.76,1.11,451.0,25,0.95,26,1.55,11.87,42,38,4.05,57,154,2,1.61,6,38,3420,7.9,24,8,2.16,1,2,88,82,234,0.65,39,6,3,2009
6,Chelsea,11,4.29,2.61,461.0,64,2.32,30,1.63,12.13,99,38,7.47,57,284,5,4.0,12,38,3420,47.4,6,27,0.84,1,3,88,32,113,0.7170000000000001,39,5,18,2009
7,Everton,5,2.34,1.47,511.0,33,1.34,28,1.58,13.45,56,38,5.42,58,206,2,2.21,6,38,3420,28.9,9,16,1.29,0,1,90,49,170,0.7120000000000001,38,13,11,2009
8,Fulham,4,1.55,1.0,465.0,21,0.89,29,1.24,12.24,38,38,3.71,46,141,1,1.45,4,38,3420,31.6,16,12,1.21,0,2,90,46,176,0.7390000000000001,38,10,12,2009
9,Hull City,6,1.29,0.87,554.0,16,0.71,30,1.89,14.58,33,38,3.16,66,120,6,1.13,8,38,3420,18.4,20,6,1.97,0,2,90,75,236,0.682,38,12,7,2009
10,Liverpool,3,2.5,1.53,457.0,37,1.45,29,1.61,12.03,58,38,5.05,56,192,5,2.42,3,38,3420,44.7,11,18,0.92,0,1,90,35,139,0.748,38,9,17,2009
11,Manchester City,5,3.18,1.92,443.0,48,1.79,31,1.39,11.66,73,38,5.24,51,199,2,3.05,5,38,3420,28.9,7,18,1.18,1,3,88,45,157,0.713,39,13,11,2009
12,Manchester United,6,3.21,1.95,441.0,48,1.79,30,1.45,11.61,74,38,6.47,51,246,4,3.05,8,38,3420,50.0,7,27,0.74,0,3,90,28,146,0.8079999999999999,38,4,19,2009
13,Portsmouth,3,1.39,0.89,500.0,19,0.82,33,2.0,13.16,34,38,3.92,71,149,5,1.32,6,38,3420,18.4,24,7,1.74,2,3,86,66,211,0.687,40,7,7,2009
14,Stoke City,2,1.45,0.84,476.0,23,0.79,23,1.87,12.53,32,38,3.13,66,119,5,1.39,2,38,3420,36.8,13,11,1.26,2,3,86,48,192,0.75,40,14,14,2009
15,Sunderland,6,1.92,1.18,540.0,28,1.03,28,2.39,14.21,45,38,4.0,82,152,9,1.76,9,38,3420,18.4,16,11,1.47,1,2,88,56,199,0.7190000000000001,39,11,7,2009
16,Tottenham Hotspur,2,2.92,1.74,453.0,45,1.68,30,1.55,11.92,66,38,6.05,58,230,1,2.87,3,38,3420,34.2,10,21,1.08,1,3,88,41,178,0.77,39,7,13,2009
17,West Ham United,7,1.92,1.21,539.0,27,1.03,30,1.82,14.18,46,38,4.92,66,187,3,1.74,9,38,3420,21.1,19,8,1.74,1,2,88,66,193,0.6579999999999999,39,11,8,2009
18,Wigan Athletic,1,1.5,0.95,500.0,21,0.92,27,1.76,13.16,36,38,4.79,64,182,3,1.47,2,38,3420,21.1,20,9,2.08,2,3,86,79,206,0.617,40,9,8,2009
19,Wolverhampton Wanderers,2,1.13,0.74,513.0,15,0.68,29,1.79,13.5,28,38,3.74,64,142,4,1.08,2,38,3420,21.1,18,9,1.47,0,2,90,56,225,0.7509999999999999,38,11,8,2009
0,Arsenal,4,3.18,1.84,442.0,51,1.74,27,1.95,11.63,70,38,6.39,68,243,6,3.08,7,38,3420,34.2,8,19,1.16,0,4,90,44,150,0.7070000000000001,38,11,13,2010
1,Aston Villa,4,2.03,1.18,448.0,32,1.08,32,1.89,11.79,45,38,4.39,70,167,2,1.92,6,38,3420,18.4,14,12,1.55,0,1,90,59,189,0.688,38,12,7,2010
2,Birmingham City,2,1.58,0.97,420.0,23,0.92,26,1.58,11.05,37,38,3.21,57,122,3,1.53,2,38,3420,23.7,15,8,1.53,1,2,88,58,257,0.774,39,15,9,2010
3,Blackburn Rovers,1,1.87,1.13,465.0,28,1.11,29,1.82,12.24,43,38,3.76,65,143,4,1.84,2,38,3420,21.1,17,11,1.55,1,2,88,59,194,0.696,39,10,8,2010
4,Blackpool,7,2.18,1.42,433.0,29,1.24,30,1.29,11.39,54,38,4.5,47,171,2,2.0,8,38,3420,15.8,19,10,2.11,3,4,83,80,240,0.667,41,9,6,2010
5,Bolton Wanderers,4,2.21,1.32,503.0,34,1.21,24,1.97,13.24,50,38,4.63,69,176,6,2.11,5,38,3420,13.2,16,12,1.47,1,2,88,56,193,0.71,39,10,5,2010
6,Chelsea,6,2.82,1.79,433.0,39,1.63,24,1.58,11.39,68,38,6.34,59,241,1,2.66,8,38,3420,39.5,9,21,0.87,0,1,90,33,148,0.777,38,8,15,2010
7,Everton,3,2.18,1.32,482.0,33,1.24,24,1.66,12.68,50,38,5.05,58,192,5,2.11,4,38,3420,23.7,10,13,1.18,0,1,90,45,153,0.706,38,15,9,2010
8,Fulham,2,2.11,1.26,477.0,32,1.21,29,1.39,12.55,48,38,4.79,52,182,1,2.05,3,38,3420,36.8,11,11,1.13,0,2,90,43,171,0.7490000000000001,38,16,14,2010
9,Liverpool,7,2.32,1.53,458.0,30,1.34,30,1.74,12.05,58,38,5.37,64,204,2,2.13,8,38,3420,36.8,14,17,1.16,0,1,90,44,149,0.705,38,7,14,2010
10,Manchester City,8,2.39,1.47,481.0,35,1.26,27,2.05,12.66,56,38,4.79,73,182,5,2.18,9,38,3420,47.4,9,21,0.87,0,1,90,33,153,0.784,38,8,18,2010
11,Manchester United,3,3.53,1.97,420.0,59,1.89,29,1.61,11.05,75,38,5.74,58,218,3,3.45,5,38,3420,39.5,4,23,0.97,0,2,90,37,139,0.7340000000000001,38,11,15,2010
12,Newcastle United,5,2.37,1.45,462.0,35,1.32,30,2.05,12.16,55,38,4.71,76,179,2,2.24,5,38,3420,21.1,14,11,1.5,1,2,88,57,161,0.6459999999999999,39,13,8,2010
13,Stoke City,3,1.89,1.16,428.0,28,1.08,25,1.87,11.26,44,38,3.84,69,146,2,1.82,3,38,3420,23.7,18,13,1.26,0,2,90,48,176,0.727,38,7,9,2010
14,Sunderland,4,1.68,1.08,432.0,23,0.97,31,1.71,11.37,41,38,4.18,60,159,5,1.58,5,38,3420,34.2,15,12,1.47,0,2,90,56,206,0.728,38,11,13,2010
15,Tottenham Hotspur,5,2.32,1.42,382.0,34,1.29,28,1.39,10.05,54,38,5.32,51,202,2,2.18,5,38,3420,21.1,8,16,1.21,0,2,90,46,183,0.7490000000000001,38,14,8,2010
16,West Bromwich Albion,4,2.34,1.37,425.0,37,1.26,28,1.61,11.18,52,38,4.82,54,183,7,2.24,6,38,3420,5.3,15,12,1.87,0,2,90,71,182,0.61,38,11,2,2010
17,West Ham United,5,1.63,1.08,447.0,21,0.95,35,1.58,11.76,41,38,4.63,59,176,1,1.5,6,38,3420,13.2,19,7,1.84,0,2,90,70,243,0.7120000000000001,38,12,5,2010
18,Wigan Athletic,2,1.5,0.97,484.0,20,0.92,25,1.89,12.74,37,38,4.61,68,175,4,1.45,3,38,3420,18.4,14,9,1.61,1,3,88,61,196,0.6890000000000001,39,15,7,2010
19,Wolverhampton Wanderers,3,1.95,1.18,473.0,29,1.11,30,1.71,12.45,45,38,3.82,63,145,2,1.87,3,38,3420,13.2,20,11,1.74,0,2,90,66,199,0.6679999999999999,38,7,5,2010
0,Arsenal,2,3.42,1.92,405.0,57,1.87,32,1.87,10.66,73,38,6.05,67,230,4,3.37,3,38,3420,34.2,10,21,1.29,0,1,90,49,135,0.637,38,7,13,2011
1,Aston Villa,3,1.66,0.97,415.0,26,0.89,27,1.89,10.92,37,38,3.84,70,146,2,1.58,3,38,3420,23.7,14,7,1.39,1,2,88,53,185,0.7140000000000001,39,17,9,2011
2,Blackburn Rovers,4,2.0,1.16,442.0,32,1.05,31,1.92,11.63,44,38,3.95,68,150,5,1.89,8,38,3420,7.9,23,8,2.05,0,3,90,78,190,0.589,38,7,3,2011
3,Bolton Wanderers,5,1.89,1.13,448.0,29,1.0,30,1.47,11.79,43,38,4.18,51,159,5,1.76,6,38,3420,7.9,22,10,2.03,0,2,90,77,233,0.67,38,6,3,2011
4,Chelsea,4,2.84,1.66,419.0,45,1.55,29,2.08,11.03,63,38,6.11,75,232,4,2.74,5,38,3420,26.3,10,19,1.21,0,3,90,46,161,0.7140000000000001,38,10,10,2011
5,Everton,5,2.08,1.24,452.0,32,1.11,29,1.55,11.89,47,38,4.37,58,166,1,1.95,5,38,3420,31.6,12,15,1.05,0,1,90,40,138,0.71,38,11,12,2011
6,Fulham,3,1.97,1.16,370.0,31,1.08,28,1.42,9.74,44,38,5.18,54,197,0,1.89,4,38,3420,28.9,14,14,1.34,0,2,90,51,200,0.745,38,10,11,2011
7,Liverpool,1,1.71,1.11,390.0,23,1.08,26,1.58,10.26,42,38,5.53,55,210,5,1.68,4,38,3412,31.6,14,14,1.06,1,3,87,40,137,0.708,39,10,12,2011
8,Manchester City,7,4.32,2.39,422.0,73,2.21,24,1.58,11.11,91,38,6.89,55,262,5,4.13,8,38,3420,44.7,5,28,0.76,0,1,90,29,133,0.782,38,5,17,2011
9,Manchester United,9,4.11,2.29,378.0,69,2.05,31,1.34,9.95,87,38,6.71,50,255,1,3.87,11,38,3420,52.6,5,28,0.87,0,3,90,33,159,0.792,38,5,20,2011
10,Newcastle United,2,2.29,1.34,405.0,36,1.29,26,1.82,10.66,51,38,4.13,67,157,2,2.24,3,38,3420,39.5,11,19,1.34,0,1,90,51,176,0.71,38,8,15,2011
11,Norwich City,2,2.24,1.37,399.0,33,1.32,27,1.63,10.5,52,38,4.5,59,171,3,2.18,2,38,3420,7.9,15,12,1.74,1,2,88,66,228,0.711,39,11,3,2011
12,Queens Park Rangers,2,1.74,1.08,405.0,25,1.03,34,1.71,10.66,41,38,4.11,56,156,9,1.68,2,38,3420,18.4,21,9,1.74,0,2,90,66,207,0.6809999999999999,38,7,7,2011
13,Stoke City,4,1.66,0.92,446.0,28,0.82,23,1.63,11.74,35,38,2.76,60,105,2,1.55,6,38,3420,23.7,15,11,1.39,1,2,88,53,177,0.701,39,12,9,2011
14,Sunderland,1,1.79,1.13,396.0,25,1.11,28,1.66,10.42,43,38,3.87,60,147,3,1.76,2,38,3420,31.6,15,11,1.21,1,3,88,46,170,0.7290000000000001,39,12,12,2011
15,Swansea City,5,1.76,1.13,313.0,24,1.0,25,1.13,8.24,43,38,3.92,41,149,2,1.63,6,38,3420,36.8,15,12,1.34,0,2,90,51,198,0.742,38,11,14,2011
16,Tottenham Hotspur,4,3.0,1.74,381.0,48,1.63,29,1.26,10.03,66,38,6.32,45,240,3,2.89,5,38,3420,36.8,9,20,1.08,0,1,90,41,163,0.748,38,9,14,2011
17,West Bromwich Albion,1,1.95,1.16,421.0,30,1.13,25,1.29,11.08,44,38,4.84,48,184,1,1.92,2,38,3420,26.3,17,13,1.37,0,2,90,52,171,0.696,38,8,10,2011
18,Wigan Athletic,5,1.66,1.08,468.0,22,0.95,24,1.87,12.32,41,38,4.24,68,161,3,1.53,7,38,3420,21.1,17,11,1.63,0,1,90,62,200,0.69,38,10,8,2011
19,Wolverhampton Wanderers,3,1.71,1.05,364.0,25,0.97,32,1.82,9.58,40,38,4.0,65,152,4,1.63,4,38,3420,10.5,23,5,2.16,1,3,88,82,271,0.6970000000000001,39,10,4,2011
0,Arsenal,5,3.24,1.82,374.0,54,1.68,26,1.29,9.84,69,38,7.16,44,272,5,3.11,6,38,3420,36.8,7,21,0.97,0,3,90,37,142,0.7390000000000001,38,10,14,2012
1,Aston Villa,3,2.13,1.24,457.0,34,1.16,28,2.03,12.03,47,38,4.63,74,176,3,2.05,3,38,3420,13.2,17,10,1.82,0,2,90,69,193,0.642,38,11,5,2012
2,Chelsea,9,3.18,1.87,370.0,50,1.63,26,1.45,9.74,71,38,6.76,52,257,3,2.95,11,38,3420,36.8,7,22,1.03,1,2,88,39,162,0.759,39,9,14,2012
3,Everton,2,2.5,1.39,446.0,42,1.34,23,1.68,11.74,53,38,7.0,61,266,3,2.45,2,38,3420,28.9,7,16,1.05,0,2,90,40,143,0.72,38,15,11,2012
4,Fulham,6,2.03,1.18,420.0,32,1.03,29,1.34,11.05,45,38,5.39,48,205,3,1.87,6,38,3420,21.1,17,11,1.58,0,2,90,60,198,0.6970000000000001,38,10,8,2012
5,Liverpool,5,3.0,1.76,399.0,47,1.63,28,1.47,10.5,67,38,7.82,54,297,2,2.87,6,38,3420,42.1,9,16,1.13,0,2,90,43,135,0.6809999999999999,38,13,16,2012
6,Manchester City,4,2.87,1.68,456.0,45,1.58,25,1.74,12.0,64,38,7.5,63,285,3,2.76,6,38,3420,47.4,6,23,0.89,0,1,90,34,112,0.696,38,9,18,2012
7,Manchester United,4,3.76,2.11,371.0,63,2.0,25,1.5,9.76,80,38,6.39,56,243,1,3.66,7,38,3420,34.2,5,28,1.13,0,2,90,43,152,0.7170000000000001,38,5,13,2012
8,Newcastle United,4,1.71,1.13,459.0,22,1.03,32,2.03,12.08,43,38,5.47,73,208,4,1.61,5,38,3420,15.8,19,11,1.79,2,3,86,68,189,0.64,40,8,6,2012
9,Norwich City,1,1.76,1.05,421.0,27,1.03,27,1.61,11.08,40,38,4.66,60,177,1,1.74,2,38,3420,26.3,14,10,1.53,3,3,83,58,176,0.67,41,14,10,2012
10,Queens Park Rangers,1,1.34,0.76,397.0,22,0.74,30,1.66,10.45,29,38,4.82,60,183,3,1.32,4,38,3420,18.4,21,4,1.58,2,2,86,60,192,0.688,40,13,7,2012
11,Reading,4,1.82,1.08,387.0,28,0.97,28,1.21,10.18,41,38,3.84,45,146,1,1.71,4,38,3420,13.2,22,6,1.92,0,3,90,73,236,0.691,38,10,5,2012
12,Southampton,3,1.87,1.21,406.0,25,1.13,25,1.18,10.68,46,38,5.45,43,207,2,1.79,3,38,3420,18.4,15,9,1.58,1,3,88,60,162,0.63,39,14,7,2012
13,Stoke City,3,1.47,0.87,485.0,23,0.79,24,2.21,12.76,33,38,3.79,80,144,4,1.39,5,38,3420,31.6,14,9,1.18,0,1,90,45,154,0.708,38,15,12,2012
14,Sunderland,4,1.66,1.03,454.0,24,0.92,28,1.71,11.95,39,38,4.32,62,164,3,1.55,4,38,3420,28.9,17,9,1.42,0,1,90,54,200,0.73,38,12,11,2012
15,Swansea City,0,2.08,1.24,399.0,32,1.24,25,1.61,10.5,47,38,5.5,59,209,2,2.08,0,38,3420,26.3,14,11,1.34,2,2,86,51,201,0.746,40,13,10,2012
16,Tottenham Hotspur,0,2.82,1.63,382.0,45,1.63,28,1.47,10.05,62,38,7.47,54,284,2,2.82,0,38,3420,23.7,8,21,1.21,0,2,90,46,127,0.638,38,9,9,2012
17,West Bromwich Albion,5,2.32,1.32,429.0,38,1.18,25,1.74,11.29,50,38,5.26,62,200,4,2.18,7,38,3420,21.1,17,14,1.5,0,2,90,57,177,0.6779999999999999,38,7,8,2012
18,West Ham United,4,2.0,1.13,467.0,33,1.03,26,1.97,12.29,43,38,5.42,74,206,1,1.89,4,38,3420,28.9,16,12,1.39,0,1,90,53,215,0.753,38,10,11,2012
19,Wigan Athletic,1,2.11,1.18,444.0,35,1.16,28,1.79,11.68,45,38,5.5,66,209,2,2.08,1,38,3420,13.2,20,9,1.92,0,2,90,73,188,0.612,38,9,5,2012
0,Arsenal,3,3.05,1.79,326.0,48,1.71,27,1.5,8.58,68,38,6.68,53,254,4,2.97,3,37,3330,43.2,7,23,1.11,0,1,90,41,147,0.721,37,7,16,2013
1,Aston Villa,2,1.66,1.0,483.0,25,0.95,26,2.05,12.71,38,38,3.58,78,136,0,1.61,4,38,3420,23.7,20,10,1.61,0,1,90,61,174,0.649,38,8,9,2013
2,Cardiff City,1,1.45,0.82,348.0,24,0.79,32,1.32,9.16,31,38,3.29,49,125,1,1.42,1,38,3420,18.4,22,7,1.95,0,2,90,74,220,0.664,38,9,7,2013
3,Chelsea,5,2.84,1.82,424.0,39,1.68,29,1.63,11.16,69,38,7.39,59,281,3,2.71,7,38,3420,47.4,6,25,0.71,0,2,90,27,121,0.777,38,7,18,2013
4,Crystal Palace,5,1.39,0.84,408.0,21,0.71,32,1.58,10.74,32,38,3.74,58,142,2,1.26,6,38,3420,31.6,19,13,1.26,0,2,90,48,169,0.716,38,6,12,2013
5,Everton,3,2.63,1.53,360.0,42,1.45,28,1.45,9.47,58,38,6.18,54,235,1,2.55,3,38,3420,39.5,8,21,1.03,1,2,88,39,148,0.736,39,9,15,2013
6,Fulham,2,1.74,1.0,385.0,28,0.95,39,1.55,10.13,38,38,3.92,58,149,1,1.68,3,38,3420,10.5,24,9,2.24,2,2,86,85,241,0.647,40,5,4,2013
7,Hull City,2,1.47,0.92,418.0,21,0.87,27,1.53,11.0,35,38,3.39,54,129,4,1.42,3,38,3419,26.3,21,10,1.4,2,3,85,53,164,0.677,40,7,10,2013
8,Liverpool,10,4.16,2.55,410.0,61,2.29,25,1.45,10.79,97,38,7.89,54,300,1,3.89,12,38,3420,26.3,6,26,1.32,0,1,90,50,152,0.6709999999999999,38,6,10,2013
9,Manchester City,6,4.21,2.55,393.0,63,2.39,23,1.92,10.34,97,38,6.29,72,239,1,4.05,7,38,3420,42.1,6,27,0.97,0,2,90,37,126,0.706,38,5,16,2013
10,Manchester United,5,2.63,1.66,400.0,37,1.53,30,1.87,10.53,63,38,6.16,68,234,3,2.5,5,38,3420,34.2,12,19,1.13,0,2,90,43,143,0.6990000000000001,38,7,13,2013
11,Newcastle United,2,1.74,1.08,412.0,25,1.03,26,1.55,10.84,41,38,4.87,53,185,6,1.68,3,38,3420,26.3,19,15,1.55,0,2,90,59,170,0.653,38,4,10,2013
12,Norwich City,1,1.21,0.74,425.0,18,0.71,25,1.71,11.18,28,38,3.82,63,145,2,1.18,2,38,3420,31.6,21,8,1.63,0,1,90,62,189,0.672,38,9,12,2013
13,Southampton,3,2.34,1.37,444.0,37,1.29,24,1.58,11.68,52,38,4.76,60,181,0,2.26,3,38,3420,39.5,12,15,1.21,1,3,88,46,132,0.652,39,11,15,2013
14,Stoke City,4,1.84,1.16,486.0,26,1.05,26,2.11,12.79,44,38,3.74,75,142,5,1.74,5,38,3420,23.7,14,13,1.37,1,3,88,52,173,0.6990000000000001,39,11,9,2013
15,Sunderland,6,1.71,1.08,444.0,24,0.92,31,2.0,11.68,41,38,3.55,69,135,7,1.55,6,38,3420,28.9,20,10,1.58,1,2,88,60,217,0.7240000000000001,39,8,11,2013
16,Swansea City,4,2.21,1.24,374.0,37,1.13,27,1.55,9.84,47,38,4.29,56,163,3,2.11,4,38,3420,21.1,18,11,1.42,0,2,90,54,155,0.652,38,9,8,2013
17,Tottenham Hotspur,5,2.18,1.32,403.0,33,1.18,28,1.82,10.61,50,38,6.0,65,228,4,2.05,6,38,3420,36.8,11,21,1.34,0,2,90,51,152,0.664,38,6,14,2013
18,West Bromwich Albion,2,1.79,1.08,424.0,27,1.03,28,1.76,11.16,41,38,3.82,67,145,0,1.74,2,38,3420,15.8,16,7,1.55,1,3,88,59,174,0.6609999999999999,39,15,6,2013
19,West Ham United,2,1.53,0.95,402.0,22,0.89,29,1.82,10.58,36,38,3.24,64,123,5,1.47,2,38,3420,36.8,20,11,1.34,0,2,90,51,193,0.736,38,7,14,2013
0,Arsenal,6,3.05,1.82,377.0,47,1.66,29,1.87,9.92,69,38,5.95,69,226,2,2.89,7,38,3420,34.2,7,22,0.95,1,3,88,36,128,0.7190000000000001,39,9,13,2014
1,Aston Villa,1,1.42,0.82,398.0,23,0.79,27,2.11,10.47,31,38,3.34,73,127,7,1.39,1,38,3420,26.3,20,10,1.5,0,3,90,57,168,0.6609999999999999,38,8,10,2014
2,Burnley,1,1.29,0.71,406.0,22,0.68,24,1.76,10.68,27,38,3.26,65,124,2,1.26,2,38,3420,26.3,19,7,1.39,0,1,90,53,179,0.7040000000000001,38,12,10,2014
3,Chelsea,4,3.45,1.89,382.0,59,1.79,25,2.05,10.05,72,38,5.5,74,209,4,3.34,5,38,3420,44.7,3,26,0.84,1,2,88,32,121,0.736,39,9,17,2014
4,Crystal Palace,5,1.92,1.21,527.0,27,1.08,30,1.87,13.87,46,38,3.66,67,139,4,1.79,7,38,3420,18.4,16,13,1.34,1,2,88,51,144,0.6459999999999999,39,9,7,2014
5,Everton,4,2.05,1.24,387.0,31,1.13,28,1.84,10.18,47,38,4.39,68,167,2,1.95,7,38,3420,26.3,15,12,1.32,1,2,88,50,128,0.609,39,11,10,2014
6,Hull City,1,1.42,0.84,451.0,22,0.82,29,2.11,11.87,32,38,3.45,74,131,6,1.39,1,38,3420,26.3,19,8,1.34,1,3,88,51,153,0.667,39,11,10,2014
7,Leicester City,3,1.95,1.18,485.0,29,1.11,28,1.42,12.76,45,38,3.61,50,137,4,1.87,3,38,3420,26.3,19,11,1.45,0,3,90,55,173,0.682,38,8,10,2014
8,Liverpool,5,2.05,1.26,386.0,30,1.13,25,1.87,10.16,48,38,5.08,68,193,3,1.92,6,38,3420,36.8,12,18,1.26,1,2,88,48,139,0.655,39,8,14,2014
9,Manchester City,7,3.76,2.16,445.0,61,1.97,24,2.13,11.71,82,38,6.0,79,228,2,3.58,8,38,3420,36.8,7,24,1.0,0,2,90,38,128,0.703,38,7,14,2014
10,Manchester United,3,2.66,1.58,452.0,41,1.5,33,1.87,11.89,60,38,4.66,66,177,5,2.58,5,38,3420,28.9,8,20,0.97,1,2,88,37,135,0.726,39,10,11,2014
11,Newcastle United,1,1.84,1.05,433.0,30,1.03,27,2.08,11.39,40,38,3.68,72,140,7,1.82,1,38,3420,21.1,19,10,1.66,1,3,88,63,161,0.609,39,9,8,2014
12,Queens Park Rangers,3,1.79,1.03,450.0,29,0.95,32,2.11,11.84,39,38,3.92,77,149,3,1.71,5,38,3420,15.8,24,8,1.92,1,2,88,73,209,0.6509999999999999,39,6,6,2014
13,Southampton,2,2.13,1.29,468.0,32,1.24,29,1.61,12.32,49,38,4.39,58,167,3,2.08,3,38,3420,39.5,14,18,0.87,1,3,88,33,110,0.7,39,6,15,2014
14,Stoke City,3,2.03,1.24,477.0,30,1.16,25,2.21,12.55,47,38,3.58,83,136,1,1.95,3,38,3420,23.7,14,15,1.18,0,2,90,45,140,0.679,38,9,9,2014
15,Sunderland,4,1.32,0.79,440.0,20,0.68,25,2.55,11.58,30,38,3.39,95,129,2,1.21,4,38,3420,34.2,14,7,1.39,0,2,90,53,192,0.7240000000000001,38,17,13,2014
16,Swansea City,2,2.03,1.13,397.0,34,1.08,27,1.47,10.45,43,38,3.84,51,146,5,1.97,2,38,3420,34.2,14,16,1.29,1,2,88,49,188,0.7390000000000001,39,8,13,2014
17,Tottenham Hotspur,3,2.53,1.47,442.0,40,1.39,27,2.21,11.63,56,38,4.5,80,171,4,2.45,5,38,3420,23.7,12,19,1.39,1,2,88,53,170,0.688,39,7,9,2014
18,West Bromwich Albion,4,1.74,0.97,420.0,29,0.87,26,1.76,11.05,37,38,3.47,64,132,3,1.63,5,38,3420,42.1,16,11,1.34,1,2,88,51,182,0.72,39,11,16,2014
19,West Ham United,1,2.03,1.13,416.0,34,1.11,26,1.66,10.95,43,38,4.03,62,153,1,2.0,2,38,3420,23.7,15,12,1.24,1,2,88,47,174,0.73,39,11,9,2014
0,Arsenal,1,3.03,1.63,348.0,53,1.61,25,1.21,9.16,62,38,5.53,42,210,4,3.0,2,38,3420,47.4,7,20,0.95,0,2,90,36,149,0.758,38,11,18,2015
1,Aston Villa,2,1.13,0.63,429.0,19,0.58,29,2.05,11.29,24,38,2.89,75,110,3,1.08,2,38,3420,15.8,27,3,2.0,0,2,90,76,186,0.591,38,8,6,2015
2,Bournemouth,3,1.87,1.13,361.0,28,1.05,28,1.42,9.5,43,38,3.76,53,143,1,1.79,4,38,3420,18.4,18,11,1.76,1,3,88,67,153,0.562,39,9,7,2015
3,Chelsea,4,2.5,1.45,401.0,40,1.34,28,1.71,10.55,55,38,4.53,60,172,5,2.39,5,38,3419,23.7,12,12,1.4,2,2,85,53,172,0.6920000000000001,40,14,9,2015
4,Crystal Palace,4,1.55,1.0,465.0,21,0.89,30,1.66,12.24,38,38,4.03,61,153,2,1.45,5,38,3420,21.1,18,11,1.34,0,3,90,51,168,0.696,38,9,8,2015
5,Everton,4,2.63,1.47,306.0,44,1.37,31,1.37,8.05,56,38,4.58,47,174,5,2.53,5,38,3420,26.3,13,11,1.45,0,2,90,55,180,0.6940000000000001,38,14,10,2015
6,Leicester City,10,2.92,1.79,406.0,43,1.53,23,1.42,10.68,68,38,4.71,51,179,3,2.66,13,38,3420,39.5,3,23,0.95,0,1,90,36,136,0.735,38,12,15,2015
7,Liverpool,2,2.95,1.63,410.0,50,1.58,34,1.76,10.79,62,38,5.24,64,199,3,2.89,2,38,3420,0.0,10,16,1.32,0,3,90,50,130,0.615,38,12,0,2015
8,Manchester City,5,3.26,1.87,409.0,53,1.74,25,1.61,10.76,71,38,5.53,61,210,0,3.13,8,38,3420,42.1,10,19,1.08,1,2,88,41,125,0.672,39,9,16,2015
9,Manchester United,3,2.03,1.21,473.0,31,1.13,33,1.76,12.45,46,38,3.79,66,144,1,1.95,3,38,3420,47.4,10,19,0.92,0,2,90,35,120,0.708,38,9,18,2015
10,Newcastle United,3,2.03,1.13,419.0,34,1.05,31,1.71,11.03,43,38,3.95,60,150,5,1.95,3,38,3420,21.1,19,9,1.71,0,3,90,65,178,0.635,38,10,8,2015
11,Norwich City,1,1.71,1.0,431.0,27,0.97,28,1.71,11.34,38,38,3.42,62,130,3,1.68,1,38,3420,13.2,22,9,1.76,0,2,90,67,165,0.594,38,7,5,2015
12,Southampton,3,2.71,1.53,417.0,45,1.45,26,1.74,10.97,58,38,4.34,60,165,6,2.63,4,38,3420,31.6,11,18,1.08,0,4,90,41,133,0.6920000000000001,38,9,12,2015
13,Stoke City,5,1.82,1.05,420.0,29,0.92,27,1.47,11.05,40,38,3.34,52,127,4,1.68,5,38,3420,26.3,15,14,1.45,1,3,88,55,175,0.6859999999999999,39,9,10,2015
14,Sunderland,3,1.95,1.16,484.0,30,1.08,31,1.79,12.74,44,38,4.55,66,173,2,1.87,3,38,3420,18.4,17,9,1.63,0,3,90,62,214,0.71,38,12,7,2015
15,Swansea City,5,1.74,1.08,392.0,25,0.95,27,1.61,10.32,41,38,3.55,60,135,1,1.61,5,38,3420,23.7,15,12,1.37,0,2,90,52,165,0.685,38,11,9,2015
16,Tottenham Hotspur,5,3.11,1.79,451.0,50,1.66,24,1.89,11.87,68,38,6.58,72,250,0,2.97,5,38,3420,34.2,6,19,0.92,0,2,90,35,121,0.711,38,13,13,2015
17,Watford,6,1.47,1.0,455.0,18,0.84,25,2.05,11.97,38,38,3.66,75,139,3,1.32,7,38,3420,28.9,17,12,1.32,1,2,88,50,124,0.597,39,9,11,2015
18,West Bromwich Albion,1,1.5,0.84,400.0,25,0.82,28,1.79,10.53,32,38,2.84,65,108,3,1.47,5,38,3420,28.9,15,10,1.26,0,2,90,48,155,0.69,38,13,11,2015
19,West Ham United,4,2.68,1.68,381.0,38,1.58,28,1.63,10.03,64,38,4.89,57,186,5,2.58,4,38,3420,28.9,8,16,1.34,0,2,90,51,162,0.685,38,14,11,2015
0,Arsenal,4,3.37,1.92,394.0,55,1.82,29,1.87,10.37,73,38,5.29,68,201,3,3.26,6,38,3420,34.2,9,23,1.16,1,3,88,44,167,0.737,39,6,13,2016
1,Bournemouth,7,2.26,1.39,372.0,33,1.21,27,1.5,9.79,53,38,4.21,54,160,3,2.08,10,38,3420,26.3,16,12,1.76,0,3,90,67,189,0.6459999999999999,38,10,10,2016
2,Burnley,6,1.66,1.03,428.0,24,0.87,27,1.79,11.26,39,38,3.18,66,121,2,1.5,6,38,3420,26.3,20,11,1.45,0,2,90,55,208,0.736,38,7,10,2016
3,Chelsea,2,3.58,2.18,394.0,53,2.13,24,1.89,10.37,83,38,5.39,72,205,0,3.53,4,38,3420,42.1,5,30,0.87,0,2,90,33,105,0.6859999999999999,38,3,16,2016
4,Crystal Palace,4,2.11,1.26,471.0,32,1.16,31,2.03,12.39,48,38,3.61,77,137,0,2.0,7,38,3420,18.4,21,12,1.66,0,2,90,63,177,0.644,38,5,7,2016
5,Everton,3,2.71,1.53,457.0,45,1.45,27,1.97,12.03,58,38,5.05,73,192,2,2.63,4,38,3420,34.2,11,17,1.16,1,2,88,44,148,0.703,39,10,13,2016
6,Hull City,3,1.58,0.95,403.0,24,0.87,28,1.89,10.61,36,38,3.32,67,126,5,1.5,3,38,3420,13.2,22,9,2.11,0,2,90,80,214,0.626,38,7,5,2016
7,Leicester City,4,2.05,1.21,447.0,32,1.11,25,1.92,11.76,46,38,3.82,72,145,1,1.95,6,38,3420,23.7,18,12,1.66,1,2,88,63,191,0.67,39,8,9,2016
8,Liverpool,7,3.39,2.03,396.0,52,1.84,23,1.42,10.42,77,38,6.21,54,236,0,3.21,8,38,3420,31.6,6,22,1.11,0,2,90,42,114,0.632,38,10,12,2016
9,Manchester City,7,3.39,1.97,395.0,54,1.79,25,1.97,10.39,75,38,5.66,71,215,4,3.21,9,38,3420,28.9,6,23,1.03,1,2,88,39,105,0.629,39,9,11,2016
10,Manchester United,3,2.39,1.42,498.0,37,1.34,31,2.13,13.11,54,38,5.45,79,207,2,2.32,4,38,3420,44.7,5,18,0.76,0,3,90,29,116,0.75,38,15,17,2016
11,Middlesbrough,2,1.26,0.68,480.0,22,0.63,27,2.08,12.63,26,38,2.58,78,98,1,1.21,2,38,3420,28.9,20,5,1.39,0,2,90,53,171,0.69,38,13,11,2016
12,Southampton,3,1.74,1.03,426.0,27,0.95,26,1.63,11.21,39,38,4.71,60,179,2,1.66,6,38,3420,36.8,16,12,1.26,0,1,90,48,130,0.631,38,10,14,2016
13,Stoke City,4,1.61,0.97,434.0,24,0.87,26,1.92,11.42,37,38,3.55,71,135,2,1.5,6,38,3420,28.9,16,11,1.47,0,3,90,56,180,0.6890000000000001,38,11,11,2016
14,Sunderland,5,1.03,0.74,437.0,11,0.61,31,2.24,11.5,28,38,3.21,81,122,4,0.89,5,38,3420,15.8,26,6,1.82,0,2,90,69,248,0.722,38,6,6,2016
15,Swansea City,3,2.0,1.18,399.0,31,1.11,27,1.47,10.5,45,38,3.82,56,145,0,1.92,3,38,3420,21.1,21,12,1.84,0,2,90,70,179,0.609,38,5,8,2016
16,Tottenham Hotspur,7,3.76,2.21,431.0,59,2.03,24,1.63,11.34,84,38,6.76,62,257,0,3.58,9,38,3420,44.7,4,26,0.68,1,2,88,26,110,0.764,39,8,17,2016
17,Watford,3,1.74,1.03,514.0,27,0.95,33,2.42,13.53,39,38,3.76,87,143,5,1.66,3,38,3420,15.8,20,11,1.79,2,2,86,68,187,0.636,40,7,6,2016
18,West Bromwich Albion,1,2.0,1.13,448.0,33,1.11,23,2.11,11.79,43,38,3.26,80,124,0,1.97,1,38,3420,15.8,17,12,1.34,0,1,90,51,161,0.6829999999999999,38,9,6,2016
19,West Ham United,3,1.95,1.21,408.0,28,1.13,29,2.29,10.74,46,38,3.58,82,136,5,1.87,4,38,3420,26.3,17,12,1.68,0,2,90,64,182,0.648,38,9,10,2016
0,Arsenal,4,3.53,1.92,388.0,61,1.82,30,1.55,10.21,73,38,6.37,57,242,2,3.42,5,38,3420,34.2,13,19,1.34,1,2,88,51,150,0.66,39,6,13,2017
1,Bournemouth,3,2.13,1.18,339.0,36,1.11,22,1.5,8.92,45,38,4.16,56,158,1,2.05,3,38,3420,15.8,16,11,1.61,0,1,90,61,171,0.643,38,11,6,2017
2,Brighton & Hove Albion,5,1.53,0.87,414.0,25,0.74,24,1.47,10.89,33,38,3.16,54,120,2,1.39,7,38,3420,26.3,16,9,1.42,0,1,90,54,181,0.7020000000000001,38,13,10,2017
3,Burnley,0,1.61,0.92,352.0,26,0.92,24,1.71,9.26,35,38,3.34,65,127,0,1.61,0,38,3420,28.9,12,14,1.03,1,2,88,39,164,0.762,39,12,11,2017
4,Chelsea,3,2.68,1.58,364.0,42,1.5,26,1.26,9.58,60,38,5.84,44,222,4,2.61,3,38,3420,42.1,10,21,1.0,0,2,90,38,120,0.6829999999999999,38,7,16,2017
5,Crystal Palace,8,1.84,1.16,425.0,26,0.95,28,1.89,11.18,44,38,3.97,72,151,0,1.63,10,38,3420,23.7,16,11,1.45,0,2,90,55,177,0.6890000000000001,38,11,9,2017
6,Everton,5,1.79,1.11,454.0,26,0.97,30,1.47,11.95,42,38,3.24,53,123,3,1.66,8,38,3420,26.3,15,13,1.53,0,1,90,58,184,0.685,38,10,10,2017
7,Huddersfield Town,2,1.16,0.66,397.0,19,0.61,25,1.74,10.45,25,38,2.89,63,110,3,1.11,2,38,3420,26.3,19,9,1.5,0,1,90,57,165,0.655,38,10,10,2017
8,Leicester City,5,2.39,1.39,370.0,38,1.26,27,1.61,9.74,53,38,4.0,56,152,5,2.26,6,38,3420,23.7,15,12,1.58,1,3,88,60,161,0.627,39,11,9,2017
9,Liverpool,2,3.68,2.16,349.0,58,2.11,27,1.18,9.18,82,38,6.08,44,231,1,3.63,3,38,3420,44.7,5,21,1.0,0,2,90,38,106,0.642,38,12,17,2017
10,Manchester City,6,4.95,2.71,343.0,85,2.55,25,1.66,9.03,103,38,6.97,61,265,2,4.79,8,38,3420,44.7,2,32,0.71,1,2,88,27,85,0.682,39,4,17,2017
11,Manchester United,1,3.16,1.76,403.0,53,1.74,27,1.71,10.61,67,38,4.71,64,179,1,3.13,3,38,3420,50.0,7,25,0.74,0,2,90,28,148,0.8109999999999999,38,6,19,2017
12,Newcastle United,0,1.76,1.0,407.0,29,1.0,27,1.45,10.71,38,38,3.97,53,151,2,1.76,1,38,3420,23.7,18,12,1.24,0,3,90,47,157,0.701,38,8,9,2017
13,Southampton,3,1.55,0.95,415.0,23,0.87,26,1.74,10.92,36,38,3.82,64,145,2,1.47,3,38,3420,21.1,16,7,1.47,0,2,90,56,167,0.665,38,15,8,2017
14,Stoke City,0,1.63,0.89,433.0,28,0.89,30,1.66,11.39,34,38,3.45,62,131,1,1.63,3,38,3420,18.4,19,7,1.79,0,2,90,68,219,0.6890000000000001,38,12,7,2017
15,Swansea City,1,1.24,0.71,378.0,20,0.68,26,1.37,9.95,27,38,2.71,51,103,1,1.21,1,38,3420,23.7,21,8,1.47,0,1,90,56,191,0.7070000000000001,38,9,9,2017
16,Tottenham Hotspur,2,3.18,1.84,383.0,51,1.79,25,1.39,10.08,70,38,5.71,51,217,2,3.13,3,38,3420,42.1,7,23,0.95,0,3,90,36,125,0.7120000000000001,38,8,16,2017
17,Watford,3,1.82,1.11,440.0,27,1.03,29,1.79,11.58,42,38,3.53,64,134,4,1.74,6,38,3420,23.7,19,11,1.68,1,2,88,64,159,0.597,39,8,9,2017
18,West Bromwich Albion,1,1.45,0.82,440.0,24,0.79,24,1.95,11.58,31,38,3.05,73,116,1,1.42,1,38,3420,26.3,19,6,1.47,0,2,90,56,156,0.6409999999999999,38,13,10,2017
19,West Ham United,2,2.03,1.26,378.0,29,1.21,27,2.0,9.95,48,38,3.45,74,131,2,1.97,4,38,3420,26.3,16,10,1.79,0,2,90,68,190,0.642,38,12,10,2017
