,season,tot_players,num_players
eng,1992,476,316.0
sco,1992,476,36.0
ie,1992,476,26.0
wal,1992,476,25.0
nan,1992,476,15.0
nir,1992,476,10.0
no,1992,476,8.0
jm,1992,476,4.0
dk,1992,476,4.0
nl,1992,476,3.0
au,1992,476,3.0
us,1992,476,3.0
se,1992,476,3.0
ca,1992,476,2.0
ru,1992,476,2.0
de,1992,476,2.0
zw,1992,476,2.0
mt,1992,476,1.0
tt,1992,476,1.0
cs,1992,476,1.0
bg,1992,476,1.0
pl,1992,476,1.0
is,1992,476,1.0
fr,1992,476,1.0
es,1992,476,1.0
ms,1992,476,1.0
kn,1992,476,1.0
ng,1992,476,1.0
il,1992,476,1.0
su,1992,476,2.0
cz,1992,476,1.0
eng,1993,470,305.0
sco,1993,470,32.0
ie,1993,470,26.0
wal,1993,470,25.0
nan,1993,470,14.0
nir,1993,470,12.0
no,1993,470,10.0
nl,1993,470,5.0
jm,1993,470,4.0
dk,1993,470,4.0
de,1993,470,4.0
us,1993,470,4.0
se,1993,470,3.0
au,1993,470,2.0
ru,1993,470,2.0
ca,1993,470,2.0
cs,1993,470,2.0
pl,1993,470,2.0
zw,1993,470,2.0
cz,1993,470,1.0
tt,1993,470,1.0
cy,1993,470,1.0
za,1993,470,1.0
my,1993,470,1.0
fr,1993,470,1.0
bg,1993,470,1.0
ms,1993,470,1.0
ng,1993,470,1.0
il,1993,470,1.0
su,1993,470,2.0
cz,1993,470,2.0
eng,1994,467,301.0
wal,1994,467,27.0
sco,1994,467,25.0
ie,1994,467,21.0
nir,1994,467,13.0
nan,1994,467,10.0
dk,1994,467,7.0
nl,1994,467,7.0
no,1994,467,6.0
jm,1994,467,6.0
au,1994,467,4.0
us,1994,467,3.0
za,1994,467,3.0
se,1994,467,3.0
ng,1994,467,3.0
de,1994,467,3.0
ro,1994,467,3.0
ru,1994,467,2.0
zw,1994,467,2.0
ca,1994,467,2.0
gh,1994,467,2.0
cz,1994,467,1.0
tt,1994,467,1.0
cs,1994,467,1.0
mt,1994,467,1.0
ch,1994,467,1.0
be,1994,467,1.0
nz,1994,467,1.0
fr,1994,467,1.0
uy,1994,467,1.0
bg,1994,467,1.0
kn,1994,467,1.0
my,1994,467,1.0
ms,1994,467,1.0
il,1994,467,1.0
su,1994,467,2.0
cz,1994,467,1.0
eng,1995,445,263.0
sco,1995,445,30.0
ie,1995,445,28.0
wal,1995,445,20.0
nir,1995,445,14.0
nl,1995,445,10.0
no,1995,445,7.0
au,1995,445,6.0
nan,1995,445,6.0
jm,1995,445,5.0
dk,1995,445,4.0
rs,1995,445,4.0
se,1995,445,4.0
us,1995,445,3.0
br,1995,445,3.0
de,1995,445,3.0
fr,1995,445,3.0
za,1995,445,3.0
be,1995,445,2.0
ro,1995,445,2.0
zw,1995,445,2.0
ru,1995,445,2.0
ng,1995,445,2.0
tt,1995,445,2.0
gh,1995,445,2.0
ge,1995,445,2.0
it,1995,445,1.0
fi,1995,445,1.0
mt,1995,445,1.0
hr,1995,445,1.0
cs,1995,445,1.0
pt,1995,445,1.0
co,1995,445,1.0
ch,1995,445,1.0
bo,1995,445,1.0
is,1995,445,1.0
ms,1995,445,1.0
cz,1995,445,1.0
il,1995,445,1.0
su,1995,445,2.0
cz,1995,445,1.0
eng,1996,422,235.0
sco,1996,422,28.0
ie,1996,422,23.0
wal,1996,422,20.0
no,1996,422,16.0
nl,1996,422,13.0
nir,1996,422,12.0
jm,1996,422,7.0
dk,1996,422,7.0
fr,1996,422,6.0
it,1996,422,6.0
au,1996,422,4.0
hr,1996,422,4.0
nan,1996,422,3.0
cs,1996,422,3.0
rs,1996,422,3.0
pt,1996,422,3.0
us,1996,422,2.0
tt,1996,422,2.0
ru,1996,422,2.0
il,1996,422,2.0
cz,1996,422,2.0
br,1996,422,2.0
ch,1996,422,2.0
ro,1996,422,2.0
co,1996,422,1.0
tr,1996,422,1.0
ms,1996,422,1.0
zw,1996,422,1.0
ng,1996,422,1.0
gr,1996,422,1.0
pl,1996,422,1.0
cr,1996,422,1.0
za,1996,422,1.0
gh,1996,422,1.0
be,1996,422,1.0
ee,1996,422,1.0
se,1996,422,1.0
cz,1996,422,2.0
su,1996,422,2.0
yu,1996,422,1.0
sk,1996,422,1.0
eng,1997,442,214.0
sco,1997,442,28.0
ie,1997,442,23.0
no,1997,442,21.0
wal,1997,442,19.0
fr,1997,442,16.0
nl,1997,442,13.0
nir,1997,442,10.0
it,1997,442,9.0
dk,1997,442,8.0
se,1997,442,7.0
jm,1997,442,7.0
au,1997,442,7.0
pt,1997,442,4.0
rs,1997,442,4.0
za,1997,442,3.0
us,1997,442,3.0
is,1997,442,3.0
de,1997,442,3.0
tt,1997,442,3.0
ng,1997,442,3.0
hr,1997,442,2.0
ch,1997,442,2.0
at,1997,442,2.0
cs,1997,442,2.0
ro,1997,442,2.0
br,1997,442,2.0
gr,1997,442,2.0
il,1997,442,2.0
bm,1997,442,1.0
lr,1997,442,1.0
mk,1997,442,1.0
cz,1997,442,1.0
tr,1997,442,1.0
ms,1997,442,1.0
si,1997,442,1.0
nan,1997,442,1.0
cr,1997,442,1.0
co,1997,442,1.0
be,1997,442,1.0
ru,1997,442,1.0
uy,1997,442,1.0
dz,1997,442,1.0
ca,1997,442,1.0
ge,1997,442,1.0
ee,1997,442,1.0
gy,1997,442,1.0
cz,1997,442,2.0
su,1997,442,1.0
eng,1998,471,217.0
sco,1998,471,33.0
ie,1998,471,24.0
fr,1998,471,23.0
no,1998,471,20.0
wal,1998,471,15.0
it,1998,471,14.0
nl,1998,471,13.0
se,1998,471,10.0
nir,1998,471,10.0
au,1998,471,8.0
dk,1998,471,7.0
jm,1998,471,7.0
nan,1998,471,5.0
us,1998,471,4.0
gr,1998,471,4.0
ar,1998,471,4.0
de,1998,471,4.0
pt,1998,471,4.0
ng,1998,471,3.0
hr,1998,471,3.0
at,1998,471,2.0
cs,1998,471,2.0
ch,1998,471,2.0
tt,1998,471,2.0
be,1998,471,2.0
cm,1998,471,2.0
ee,1998,471,1.0
za,1998,471,1.0
ma,1998,471,1.0
lv,1998,471,1.0
cz,1998,471,1.0
gn,1998,471,1.0
co,1998,471,1.0
pe,1998,471,1.0
ba,1998,471,1.0
ca,1998,471,1.0
tr,1998,471,1.0
ms,1998,471,1.0
dz,1998,471,1.0
ro,1998,471,1.0
lr,1998,471,1.0
fi,1998,471,1.0
br,1998,471,1.0
uy,1998,471,1.0
es,1998,471,1.0
ci,1998,471,1.0
gy,1998,471,1.0
rs,1998,471,1.0
ge,1998,471,1.0
cl,1998,471,1.0
is,1998,471,1.0
cr,1998,471,1.0
il,1998,471,1.0
cz,1998,471,1.0
sk,1998,471,1.0
eng,1999,469,207.0
sco,1999,469,29.0
ie,1999,469,26.0
no,1999,469,22.0
fr,1999,469,20.0
wal,1999,469,15.0
nl,1999,469,15.0
nir,1999,469,11.0
it,1999,469,10.0
jm,1999,469,9.0
dk,1999,469,6.0
de,1999,469,6.0
au,1999,469,5.0
pt,1999,469,5.0
se,1999,469,5.0
nan,1999,469,5.0
br,1999,469,4.0
ar,1999,469,4.0
us,1999,469,4.0
ma,1999,469,4.0
is,1999,469,4.0
il,1999,469,3.0
hr,1999,469,3.0
tt,1999,469,3.0
be,1999,469,3.0
gr,1999,469,3.0
ng,1999,469,2.0
cs,1999,469,2.0
fi,1999,469,2.0
za,1999,469,2.0
es,1999,469,2.0
cm,1999,469,2.0
pe,1999,469,2.0
ch,1999,469,2.0
ge,1999,469,2.0
cd,1999,469,1.0
tr,1999,469,1.0
ms,1999,469,1.0
lr,1999,469,1.0
at,1999,469,1.0
lv,1999,469,1.0
ro,1999,469,1.0
ee,1999,469,1.0
gn,1999,469,1.0
cz,1999,469,1.0
cl,1999,469,1.0
uy,1999,469,1.0
gy,1999,469,1.0
ml,1999,469,1.0
co,1999,469,1.0
py,1999,469,1.0
ba,1999,469,1.0
ca,1999,469,1.0
cr,1999,469,1.0
su,1999,469,1.0
cz,1999,469,2.0
yu,1999,469,1.0
ua,1999,469,1.0
eng,2000,480,200.0
sco,2000,480,32.0
ie,2000,480,27.0
fr,2000,480,21.0
wal,2000,480,15.0
no,2000,480,15.0
nl,2000,480,14.0
it,2000,480,11.0
nir,2000,480,11.0
au,2000,480,10.0
jm,2000,480,7.0
ar,2000,480,7.0
de,2000,480,6.0
se,2000,480,6.0
fi,2000,480,5.0
hr,2000,480,5.0
ng,2000,480,5.0
ma,2000,480,4.0
nan,2000,480,4.0
za,2000,480,4.0
is,2000,480,4.0
be,2000,480,4.0
dk,2000,480,4.0
br,2000,480,3.0
tt,2000,480,3.0
cm,2000,480,3.0
es,2000,480,2.0
cs,2000,480,2.0
gn,2000,480,2.0
cl,2000,480,2.0
lv,2000,480,2.0
at,2000,480,2.0
pe,2000,480,2.0
co,2000,480,2.0
ch,2000,480,2.0
us,2000,480,2.0
tr,2000,480,2.0
ml,2000,480,2.0
bg,2000,480,2.0
hn,2000,480,1.0
gr,2000,480,1.0
sk,2000,480,1.0
cg,2000,480,1.0
ca,2000,480,1.0
nz,2000,480,1.0
ba,2000,480,1.0
cd,2000,480,1.0
gh,2000,480,1.0
ee,2000,480,1.0
ro,2000,480,1.0
ru,2000,480,1.0
bm,2000,480,1.0
ge,2000,480,1.0
gy,2000,480,1.0
lr,2000,480,1.0
gi,2000,480,1.0
ua,2000,480,1.0
su,2000,480,1.0
yu,2000,480,1.0
cr,2000,480,1.0
pt,2000,480,1.0
uy,2000,480,1.0
il,2000,480,1.0
cz,2000,480,2.0
yu,2000,480,2.0
fr,2000,480,1.0
su,2000,480,1.0
ua,2000,480,1.0
eng,2001,458,187.0
fr,2001,458,35.0
ie,2001,458,25.0
sco,2001,458,18.0
wal,2001,458,15.0
dk,2001,458,12.0
no,2001,458,12.0
it,2001,458,11.0
nl,2001,458,11.0
se,2001,458,10.0
jm,2001,458,9.0
nir,2001,458,8.0
ar,2001,458,8.0
au,2001,458,8.0
fi,2001,458,7.0
ng,2001,458,5.0
de,2001,458,5.0
us,2001,458,5.0
tr,2001,458,4.0
cm,2001,458,4.0
ma,2001,458,4.0
cs,2001,458,3.0
sk,2001,458,3.0
nan,2001,458,3.0
za,2001,458,3.0
tt,2001,458,3.0
hr,2001,458,3.0
pt,2001,458,3.0
is,2001,458,3.0
br,2001,458,2.0
co,2001,458,2.0
gr,2001,458,2.0
lv,2001,458,2.0
es,2001,458,2.0
ch,2001,458,2.0
gi,2001,458,1.0
ee,2001,458,1.0
at,2001,458,1.0
pe,2001,458,1.0
gy,2001,458,1.0
ua,2001,458,1.0
cl,2001,458,1.0
ml,2001,458,1.0
be,2001,458,1.0
pl,2001,458,1.0
ge,2001,458,1.0
bg,2001,458,1.0
cg,2001,458,1.0
uy,2001,458,1.0
rs,2001,458,1.0
cd,2001,458,1.0
ca,2001,458,1.0
su,2001,458,1.0
il,2001,458,1.0
cz,2001,458,3.0
yu,2001,458,1.0
fr,2001,458,1.0
sn,2001,458,1.0
ua,2001,458,1.0
eng,2002,459,172.0
fr,2002,459,34.0
ie,2002,459,31.0
sco,2002,459,16.0
wal,2002,459,15.0
no,2002,459,12.0
se,2002,459,12.0
nl,2002,459,11.0
dk,2002,459,10.0
au,2002,459,10.0
nir,2002,459,9.0
jm,2002,459,7.0
cm,2002,459,6.0
de,2002,459,6.0
it,2002,459,6.0
ng,2002,459,6.0
ar,2002,459,6.0
us,2002,459,5.0
es,2002,459,5.0
fi,2002,459,5.0
za,2002,459,4.0
is,2002,459,4.0
br,2002,459,4.0
ma,2002,459,4.0
pt,2002,459,3.0
tt,2002,459,3.0
sk,2002,459,3.0
sn,2002,459,3.0
tr,2002,459,3.0
hr,2002,459,3.0
uy,2002,459,2.0
dz,2002,459,2.0
cs,2002,459,2.0
gd,2002,459,2.0
ci,2002,459,2.0
lv,2002,459,2.0
ec,2002,459,2.0
jp,2002,459,2.0
ml,2002,459,2.0
cz,2002,459,1.0
at,2002,459,1.0
gi,2002,459,1.0
rs,2002,459,1.0
pe,2002,459,1.0
si,2002,459,1.0
co,2002,459,1.0
su,2002,459,1.0
bm,2002,459,1.0
nan,2002,459,1.0
gh,2002,459,1.0
bg,2002,459,1.0
be,2002,459,1.0
cd,2002,459,1.0
ca,2002,459,1.0
ch,2002,459,1.0
cn,2002,459,1.0
gp,2002,459,1.0
cl,2002,459,1.0
gr,2002,459,1.0
pl,2002,459,1.0
ee,2002,459,1.0
il,2002,459,1.0
cz,2002,459,2.0
yu,2002,459,1.0
pl,2002,459,1.0
ua,2002,459,1.0
eng,2003,460,169.0
fr,2003,460,40.0
ie,2003,460,31.0
sco,2003,460,22.0
nl,2003,460,12.0
wal,2003,460,12.0
de,2003,460,9.0
nir,2003,460,9.0
no,2003,460,8.0
br,2003,460,8.0
se,2003,460,8.0
au,2003,460,8.0
ng,2003,460,7.0
dk,2003,460,7.0
fi,2003,460,7.0
it,2003,460,7.0
sn,2003,460,6.0
us,2003,460,6.0
jm,2003,460,6.0
cm,2003,460,5.0
za,2003,460,5.0
pt,2003,460,5.0
ar,2003,460,4.0
es,2003,460,4.0
tt,2003,460,4.0
tr,2003,460,3.0
is,2003,460,3.0
hr,2003,460,3.0
ro,2003,460,2.0
cz,2003,460,2.0
sk,2003,460,2.0
ci,2003,460,2.0
ml,2003,460,2.0
gr,2003,460,2.0
rs,2003,460,2.0
cn,2003,460,2.0
uy,2003,460,2.0
ru,2003,460,1.0
cy,2003,460,1.0
gi,2003,460,1.0
cs,2003,460,1.0
pl,2003,460,1.0
pe,2003,460,1.0
lv,2003,460,1.0
tg,2003,460,1.0
gd,2003,460,1.0
co,2003,460,1.0
ch,2003,460,1.0
cr,2003,460,1.0
gp,2003,460,1.0
gy,2003,460,1.0
ec,2003,460,1.0
ca,2003,460,1.0
su,2003,460,1.0
cd,2003,460,1.0
be,2003,460,1.0
bg,2003,460,1.0
gh,2003,460,1.0
nan,2003,460,1.0
jp,2003,460,1.0
il,2003,460,1.0
pl,2003,460,2.0
cz,2003,460,1.0
ua,2003,460,1.0
eng,2004,466,176.0
fr,2004,466,31.0
ie,2004,466,24.0
sco,2004,466,18.0
nl,2004,466,16.0
es,2004,466,12.0
wal,2004,466,12.0
dk,2004,466,11.0
au,2004,466,9.0
se,2004,466,9.0
nir,2004,466,8.0
sn,2004,466,8.0
fi,2004,466,7.0
us,2004,466,7.0
pt,2004,466,7.0
jm,2004,466,6.0
ng,2004,466,6.0
cm,2004,466,6.0
de,2004,466,5.0
br,2004,466,5.0
tt,2004,466,4.0
za,2004,466,4.0
gr,2004,466,4.0
cz,2004,466,4.0
no,2004,466,4.0
ar,2004,466,3.0
ma,2004,466,3.0
it,2004,466,3.0
hu,2004,466,3.0
ci,2004,466,3.0
ch,2004,466,3.0
nan,2004,466,3.0
rs,2004,466,3.0
ml,2004,466,2.0
uy,2004,466,2.0
tr,2004,466,2.0
pl,2004,466,2.0
ag,2004,466,2.0
ec,2004,466,2.0
ca,2004,466,2.0
il,2004,466,2.0
is,2004,466,2.0
sk,2004,466,2.0
tn,2004,466,2.0
pk,2004,466,1.0
cs,2004,466,1.0
jp,2004,466,1.0
nz,2004,466,1.0
bg,2004,466,1.0
ro,2004,466,1.0
si,2004,466,1.0
hr,2004,466,1.0
eg,2004,466,1.0
be,2004,466,1.0
ru,2004,466,1.0
cd,2004,466,1.0
gi,2004,466,1.0
mk,2004,466,1.0
pe,2004,466,1.0
co,2004,466,1.0
bb,2004,466,1.0
pl,2004,466,2.0
cz,2004,466,1.0
eng,2005,486,173.0
fr,2005,486,34.0
ie,2005,486,29.0
sco,2005,486,19.0
nl,2005,486,18.0
wal,2005,486,16.0
es,2005,486,13.0
au,2005,486,12.0
dk,2005,486,10.0
pt,2005,486,9.0
sn,2005,486,9.0
nir,2005,486,7.0
fi,2005,486,7.0
de,2005,486,6.0
ng,2005,486,6.0
jm,2005,486,6.0
se,2005,486,5.0
no,2005,486,5.0
ar,2005,486,5.0
us,2005,486,5.0
ci,2005,486,4.0
rs,2005,486,4.0
uy,2005,486,4.0
ch,2005,486,4.0
cz,2005,486,4.0
tt,2005,486,4.0
cm,2005,486,4.0
it,2005,486,4.0
pl,2005,486,3.0
is,2005,486,3.0
il,2005,486,3.0
br,2005,486,3.0
sk,2005,486,3.0
tr,2005,486,3.0
nan,2005,486,3.0
nz,2005,486,2.0
ma,2005,486,2.0
za,2005,486,2.0
co,2005,486,2.0
gr,2005,486,2.0
kr,2005,486,2.0
ca,2005,486,2.0
at,2005,486,2.0
jp,2005,486,2.0
ml,2005,486,2.0
bg,2005,486,2.0
zw,2005,486,1.0
cd,2005,486,1.0
pe,2005,486,1.0
cs,2005,486,1.0
gd,2005,486,1.0
ru,2005,486,1.0
ec,2005,486,1.0
mx,2005,486,1.0
gh,2005,486,1.0
be,2005,486,1.0
ge,2005,486,1.0
eg,2005,486,1.0
gp,2005,486,1.0
hu,2005,486,1.0
by,2005,486,1.0
tn,2005,486,1.0
tg,2005,486,1.0
pl,2005,486,2.0
gp,2005,486,1.0
cz,2005,486,1.0
eng,2006,472,167.0
fr,2006,472,24.0
ie,2006,472,23.0
sco,2006,472,18.0
nl,2006,472,15.0
us,2006,472,11.0
pt,2006,472,11.0
ng,2006,472,11.0
es,2006,472,10.0
wal,2006,472,10.0
jm,2006,472,10.0
au,2006,472,10.0
de,2006,472,7.0
sn,2006,472,7.0
br,2006,472,6.0
cm,2006,472,6.0
dk,2006,472,6.0
it,2006,472,6.0
ci,2006,472,6.0
cz,2006,472,5.0
ar,2006,472,5.0
nir,2006,472,5.0
se,2006,472,5.0
za,2006,472,4.0
is,2006,472,4.0
no,2006,472,4.0
bg,2006,472,4.0
fi,2006,472,4.0
kr,2006,472,4.0
ch,2006,472,3.0
il,2006,472,3.0
tr,2006,472,3.0
eg,2006,472,3.0
cd,2006,472,3.0
ca,2006,472,3.0
gh,2006,472,3.0
ml,2006,472,2.0
tt,2006,472,2.0
pl,2006,472,2.0
at,2006,472,2.0
hu,2006,472,2.0
cn,2006,472,2.0
gr,2006,472,2.0
rs,2006,472,2.0
ec,2006,472,2.0
dz,2006,472,2.0
ru,2006,472,1.0
hr,2006,472,1.0
zw,2006,472,1.0
nan,2006,472,1.0
ua,2006,472,1.0
nz,2006,472,1.0
cg,2006,472,1.0
ag,2006,472,1.0
tn,2006,472,1.0
gd,2006,472,1.0
be,2006,472,1.0
ge,2006,472,1.0
co,2006,472,1.0
ma,2006,472,1.0
ir,2006,472,1.0
gp,2006,472,1.0
cl,2006,472,1.0
sk,2006,472,1.0
pe,2006,472,1.0
by,2006,472,1.0
tg,2006,472,1.0
bb,2006,472,1.0
sl,2006,472,1.0
gp,2006,472,1.0
pl,2006,472,1.0
eng,2007,484,152.0
ie,2007,484,26.0
fr,2007,484,25.0
wal,2007,484,17.0
br,2007,484,14.0
sco,2007,484,14.0
es,2007,484,12.0
us,2007,484,12.0
ng,2007,484,11.0
nl,2007,484,10.0
pt,2007,484,10.0
nir,2007,484,9.0
au,2007,484,8.0
jm,2007,484,8.0
se,2007,484,8.0
de,2007,484,7.0
sn,2007,484,7.0
ci,2007,484,7.0
ar,2007,484,6.0
no,2007,484,6.0
dk,2007,484,6.0
cz,2007,484,6.0
fi,2007,484,6.0
tt,2007,484,5.0
is,2007,484,5.0
cm,2007,484,5.0
ch,2007,484,5.0
gh,2007,484,4.0
kr,2007,484,4.0
ml,2007,484,4.0
eg,2007,484,3.0
pl,2007,484,3.0
tr,2007,484,3.0
il,2007,484,3.0
ec,2007,484,3.0
bg,2007,484,3.0
za,2007,484,3.0
hr,2007,484,3.0
gr,2007,484,2.0
sk,2007,484,2.0
ca,2007,484,2.0
it,2007,484,2.0
hn,2007,484,2.0
pe,2007,484,2.0
at,2007,484,2.0
tn,2007,484,2.0
cg,2007,484,2.0
rs,2007,484,2.0
ua,2007,484,2.0
ma,2007,484,1.0
gi,2007,484,1.0
zw,2007,484,1.0
ru,2007,484,1.0
nz,2007,484,1.0
om,2007,484,1.0
mq,2007,484,1.0
gd,2007,484,1.0
dz,2007,484,1.0
be,2007,484,1.0
ge,2007,484,1.0
py,2007,484,1.0
cn,2007,484,1.0
by,2007,484,1.0
cd,2007,484,1.0
tg,2007,484,1.0
nan,2007,484,1.0
mx,2007,484,1.0
bb,2007,484,1.0
gp,2007,484,1.0
pl,2007,484,1.0
eng,2008,463,160.0
fr,2008,463,28.0
ie,2008,463,24.0
nl,2008,463,14.0
wal,2008,463,14.0
es,2008,463,14.0
br,2008,463,14.0
ng,2008,463,12.0
pt,2008,463,10.0
sn,2008,463,10.0
ar,2008,463,9.0
sco,2008,463,8.0
au,2008,463,8.0
ci,2008,463,6.0
dk,2008,463,6.0
de,2008,463,5.0
tt,2008,463,5.0
nir,2008,463,5.0
fi,2008,463,4.0
cm,2008,463,4.0
bg,2008,463,4.0
it,2008,463,4.0
no,2008,463,4.0
jm,2008,463,4.0
us,2008,463,4.0
se,2008,463,3.0
pl,2008,463,3.0
kr,2008,463,3.0
cz,2008,463,3.0
za,2008,463,3.0
hu,2008,463,3.0
il,2008,463,3.0
be,2008,463,3.0
ch,2008,463,3.0
ec,2008,463,3.0
hr,2008,463,3.0
eg,2008,463,3.0
gh,2008,463,3.0
cd,2008,463,3.0
is,2008,463,2.0
sk,2008,463,2.0
tr,2008,463,2.0
rs,2008,463,2.0
at,2008,463,2.0
hn,2008,463,2.0
ru,2008,463,2.0
mx,2008,463,2.0
gd,2008,463,1.0
nan,2008,463,1.0
zw,2008,463,1.0
gr,2008,463,1.0
cg,2008,463,1.0
py,2008,463,1.0
ba,2008,463,1.0
nz,2008,463,1.0
bb,2008,463,1.0
ge,2008,463,1.0
cw,2008,463,1.0
gn,2008,463,1.0
tg,2008,463,1.0
cl,2008,463,1.0
si,2008,463,1.0
gy,2008,463,1.0
cv,2008,463,1.0
ga,2008,463,1.0
ml,2008,463,1.0
ca,2008,463,1.0
mq,2008,463,1.0
ma,2008,463,1.0
dz,2008,463,1.0
ao,2008,463,1.0
co,2008,463,1.0
gp,2008,463,1.0
eng,2009,478,152.0
ie,2009,478,34.0
fr,2009,478,24.0
sco,2009,478,18.0
wal,2009,478,15.0
br,2009,478,14.0
es,2009,478,12.0
nl,2009,478,10.0
sn,2009,478,10.0
ng,2009,478,9.0
us,2009,478,8.0
nir,2009,478,7.0
pt,2009,478,7.0
no,2009,478,6.0
be,2009,478,6.0
ci,2009,478,6.0
it,2009,478,6.0
hr,2009,478,6.0
au,2009,478,6.0
ar,2009,478,6.0
se,2009,478,5.0
gh,2009,478,5.0
dk,2009,478,5.0
cm,2009,478,5.0
ch,2009,478,4.0
rs,2009,478,4.0
dz,2009,478,4.0
za,2009,478,4.0
ru,2009,478,4.0
de,2009,478,4.0
is,2009,478,4.0
jm,2009,478,4.0
kr,2009,478,3.0
il,2009,478,3.0
ec,2009,478,3.0
cz,2009,478,3.0
tt,2009,478,3.0
bg,2009,478,3.0
hn,2009,478,3.0
at,2009,478,2.0
hu,2009,478,2.0
cg,2009,478,2.0
pl,2009,478,2.0
mx,2009,478,2.0
gr,2009,478,2.0
ca,2009,478,2.0
eg,2009,478,2.0
fi,2009,478,2.0
py,2009,478,2.0
sk,2009,478,2.0
gi,2009,478,1.0
tr,2009,478,1.0
gn,2009,478,1.0
cd,2009,478,1.0
nz,2009,478,1.0
al,2009,478,1.0
bo,2009,478,1.0
zw,2009,478,1.0
bb,2009,478,1.0
nan,2009,478,1.0
ua,2009,478,1.0
gp,2009,478,1.0
mq,2009,478,1.0
gd,2009,478,1.0
co,2009,478,1.0
ml,2009,478,1.0
gy,2009,478,1.0
ma,2009,478,1.0
ba,2009,478,1.0
cl,2009,478,1.0
tg,2009,478,1.0
fr,2009,478,1.0
gp,2009,478,1.0
mq,2009,478,1.0
eng,2010,477,161.0
fr,2010,477,28.0
ie,2010,477,27.0
sco,2010,477,20.0
wal,2010,477,15.0
es,2010,477,14.0
br,2010,477,12.0
nl,2010,477,12.0
us,2010,477,9.0
sn,2010,477,9.0
ng,2010,477,9.0
ci,2010,477,8.0
be,2010,477,7.0
ar,2010,477,7.0
cm,2010,477,6.0
nir,2010,477,6.0
rs,2010,477,6.0
au,2010,477,6.0
dk,2010,477,6.0
gh,2010,477,6.0
pt,2010,477,5.0
cz,2010,477,5.0
jm,2010,477,5.0
hr,2010,477,5.0
ru,2010,477,4.0
il,2010,477,4.0
se,2010,477,4.0
hn,2010,477,3.0
de,2010,477,3.0
ch,2010,477,3.0
bg,2010,477,3.0
it,2010,477,3.0
pl,2010,477,3.0
mx,2010,477,3.0
no,2010,477,3.0
py,2010,477,2.0
ma,2010,477,2.0
sk,2010,477,2.0
cl,2010,477,2.0
hu,2010,477,2.0
by,2010,477,2.0
ba,2010,477,2.0
cd,2010,477,2.0
cg,2010,477,2.0
kr,2010,477,2.0
nz,2010,477,2.0
mq,2010,477,1.0
gd,2010,477,1.0
gi,2010,477,1.0
za,2010,477,1.0
at,2010,477,1.0
tt,2010,477,1.0
zw,2010,477,1.0
om,2010,477,1.0
dz,2010,477,1.0
gp,2010,477,1.0
tr,2010,477,1.0
gy,2010,477,1.0
nan,2010,477,1.0
ro,2010,477,1.0
gr,2010,477,1.0
fi,2010,477,1.0
ca,2010,477,1.0
bj,2010,477,1.0
eg,2010,477,1.0
uy,2010,477,1.0
co,2010,477,1.0
tg,2010,477,1.0
is,2010,477,1.0
ec,2010,477,1.0
bb,2010,477,1.0
fr,2010,477,1.0
gp,2010,477,1.0
mq,2010,477,1.0
eng,2011,476,166.0
ie,2011,476,32.0
fr,2011,476,25.0
sco,2011,476,20.0
es,2011,476,19.0
wal,2011,476,18.0
nl,2011,476,11.0
br,2011,476,10.0
ar,2011,476,10.0
ng,2011,476,9.0
be,2011,476,8.0
us,2011,476,8.0
ci,2011,476,7.0
nir,2011,476,6.0
sn,2011,476,6.0
hr,2011,476,5.0
rs,2011,476,5.0
cm,2011,476,5.0
pt,2011,476,5.0
dk,2011,476,5.0
se,2011,476,5.0
ru,2011,476,4.0
gh,2011,476,4.0
is,2011,476,4.0
au,2011,476,4.0
cz,2011,476,4.0
ch,2011,476,3.0
cl,2011,476,3.0
hu,2011,476,3.0
no,2011,476,3.0
bg,2011,476,3.0
ml,2011,476,2.0
hn,2011,476,2.0
de,2011,476,2.0
me,2011,476,2.0
ma,2011,476,2.0
it,2011,476,2.0
tr,2011,476,2.0
ba,2011,476,2.0
jm,2011,476,2.0
gr,2011,476,2.0
ca,2011,476,2.0
kr,2011,476,2.0
uy,2011,476,2.0
at,2011,476,2.0
gd,2011,476,1.0
gi,2011,476,1.0
tt,2011,476,1.0
za,2011,476,1.0
cw,2011,476,1.0
om,2011,476,1.0
cg,2011,476,1.0
dz,2011,476,1.0
eg,2011,476,1.0
sk,2011,476,1.0
jp,2011,476,1.0
mx,2011,476,1.0
gy,2011,476,1.0
nan,2011,476,1.0
ro,2011,476,1.0
cd,2011,476,1.0
fi,2011,476,1.0
ec,2011,476,1.0
bj,2011,476,1.0
co,2011,476,1.0
bb,2011,476,1.0
tg,2011,476,1.0
py,2011,476,1.0
si,2011,476,1.0
gp,2011,476,1.0
cr,2011,476,1.0
pl,2011,476,1.0
il,2011,476,1.0
eng,2012,458,149.0
fr,2012,458,28.0
es,2012,458,25.0
ie,2012,458,24.0
sco,2012,458,16.0
wal,2012,458,14.0
nl,2012,458,13.0
br,2012,458,12.0
be,2012,458,11.0
ar,2012,458,11.0
nir,2012,458,9.0
de,2012,458,8.0
us,2012,458,7.0
ng,2012,458,7.0
ci,2012,458,6.0
au,2012,458,5.0
pt,2012,458,5.0
sn,2012,458,5.0
ml,2012,458,5.0
cm,2012,458,4.0
rs,2012,458,4.0
se,2012,458,4.0
it,2012,458,4.0
jm,2012,458,4.0
at,2012,458,3.0
no,2012,458,3.0
tr,2012,458,3.0
ma,2012,458,3.0
uy,2012,458,3.0
pl,2012,458,3.0
il,2012,458,3.0
nz,2012,458,2.0
cz,2012,458,2.0
cr,2012,458,2.0
ba,2012,458,2.0
sk,2012,458,2.0
dk,2012,458,2.0
hn,2012,458,2.0
co,2012,458,2.0
hr,2012,458,2.0
bg,2012,458,2.0
jp,2012,458,2.0
kr,2012,458,2.0
ca,2012,458,2.0
ru,2012,458,1.0
ro,2012,458,1.0
tt,2012,458,1.0
cw,2012,458,1.0
gh,2012,458,1.0
py,2012,458,1.0
ag,2012,458,1.0
gd,2012,458,1.0
nan,2012,458,1.0
lv,2012,458,1.0
cd,2012,458,1.0
mx,2012,458,1.0
ir,2012,458,1.0
zm,2012,458,1.0
gy,2012,458,1.0
gr,2012,458,1.0
za,2012,458,1.0
tg,2012,458,1.0
fi,2012,458,1.0
mk,2012,458,1.0
sl,2012,458,1.0
bj,2012,458,1.0
ch,2012,458,1.0
cl,2012,458,1.0
ec,2012,458,1.0
hu,2012,458,1.0
is,2012,458,1.0
bb,2012,458,1.0
cg,2012,458,1.0
bi,2012,458,1.0
om,2012,458,1.0
eng,2013,474,144.0
es,2013,474,32.0
fr,2013,474,30.0
ie,2013,474,23.0
sco,2013,474,18.0
wal,2013,474,17.0
nl,2013,474,16.0
be,2013,474,14.0
br,2013,474,11.0
ar,2013,474,10.0
de,2013,474,9.0
se,2013,474,7.0
nir,2013,474,7.0
dk,2013,474,7.0
it,2013,474,7.0
ng,2013,474,7.0
no,2013,474,6.0
ci,2013,474,6.0
cz,2013,474,6.0
rs,2013,474,5.0
us,2013,474,5.0
ma,2013,474,4.0
sn,2013,474,4.0
ml,2013,474,4.0
au,2013,474,3.0
kr,2013,474,3.0
gr,2013,474,3.0
pt,2013,474,3.0
co,2013,474,3.0
uy,2013,474,3.0
ro,2013,474,3.0
hr,2013,474,2.0
nan,2013,474,2.0
za,2013,474,2.0
jp,2013,474,2.0
dz,2013,474,2.0
pl,2013,474,2.0
cr,2013,474,2.0
at,2013,474,2.0
hn,2013,474,2.0
ba,2013,474,2.0
gh,2013,474,2.0
is,2013,474,2.0
bg,2013,474,2.0
cm,2013,474,2.0
cd,2013,474,2.0
me,2013,474,2.0
eg,2013,474,2.0
ch,2013,474,2.0
nz,2013,474,1.0
cw,2013,474,1.0
ke,2013,474,1.0
tt,2013,474,1.0
tg,2013,474,1.0
ve,2013,474,1.0
cl,2013,474,1.0
si,2013,474,1.0
hu,2013,474,1.0
sk,2013,474,1.0
py,2013,474,1.0
mx,2013,474,1.0
cg,2013,474,1.0
ec,2013,474,1.0
fi,2013,474,1.0
ir,2013,474,1.0
jm,2013,474,1.0
bj,2013,474,1.0
eng,2014,468,154.0
fr,2014,468,33.0
es,2014,468,26.0
ie,2014,468,24.0
ar,2014,468,20.0
be,2014,468,16.0
sco,2014,468,16.0
wal,2014,468,14.0
nl,2014,468,14.0
br,2014,468,12.0
nir,2014,468,8.0
de,2014,468,8.0
sn,2014,468,8.0
ng,2014,468,7.0
ci,2014,468,7.0
rs,2014,468,6.0
co,2014,468,5.0
it,2014,468,5.0
us,2014,468,4.0
hr,2014,468,4.0
pt,2014,468,4.0
au,2014,468,4.0
dz,2014,468,4.0
pl,2014,468,4.0
ma,2014,468,3.0
at,2014,468,3.0
cl,2014,468,3.0
ba,2014,468,3.0
dk,2014,468,3.0
uy,2014,468,3.0
ro,2014,468,3.0
ec,2014,468,3.0
kr,2014,468,3.0
cm,2014,468,2.0
jm,2014,468,2.0
nz,2014,468,2.0
cd,2014,468,2.0
cz,2014,468,2.0
ca,2014,468,2.0
se,2014,468,2.0
gh,2014,468,2.0
ch,2014,468,2.0
cr,2014,468,2.0
eg,2014,468,1.0
no,2014,468,1.0
bj,2014,468,1.0
za,2014,468,1.0
cw,2014,468,1.0
is,2014,468,1.0
me,2014,468,1.0
gm,2014,468,1.0
ke,2014,468,1.0
hn,2014,468,1.0
py,2014,468,1.0
jp,2014,468,1.0
sk,2014,468,1.0
tg,2014,468,1.0
es,2014,468,1.0
eng,2015,478,151.0
fr,2015,478,33.0
es,2015,478,31.0
ie,2015,478,21.0
nl,2015,478,19.0
ar,2015,478,17.0
be,2015,478,17.0
sco,2015,478,14.0
wal,2015,478,13.0
br,2015,478,12.0
sn,2015,478,10.0
ng,2015,478,8.0
ci,2015,478,7.0
de,2015,478,7.0
ch,2015,478,6.0
nir,2015,478,6.0
it,2015,478,6.0
gh,2015,478,5.0
us,2015,478,5.0
rs,2015,478,5.0
se,2015,478,4.0
co,2015,478,4.0
dk,2015,478,4.0
cm,2015,478,4.0
ec,2015,478,4.0
pt,2015,478,4.0
cd,2015,478,4.0
at,2015,478,4.0
kr,2015,478,3.0
au,2015,478,3.0
pl,2015,478,3.0
no,2015,478,3.0
dz,2015,478,3.0
uy,2015,478,3.0
cz,2015,478,2.0
cw,2015,478,2.0
ma,2015,478,2.0
bj,2015,478,2.0
cr,2015,478,2.0
ba,2015,478,2.0
jm,2015,478,2.0
jp,2015,478,2.0
hr,2015,478,2.0
mx,2015,478,1.0
tn,2015,478,1.0
sk,2015,478,1.0
cl,2015,478,1.0
hu,2015,478,1.0
nz,2015,478,1.0
ke,2015,478,1.0
ro,2015,478,1.0
gm,2015,478,1.0
ve,2015,478,1.0
eg,2015,478,1.0
is,2015,478,1.0
gr,2015,478,1.0
za,2015,478,1.0
bf,2015,478,1.0
ml,2015,478,1.0
tg,2015,478,1.0
es,2015,478,1.0
eng,2016,464,147.0
es,2016,464,35.0
fr,2016,464,24.0
be,2016,464,19.0
ie,2016,464,18.0
nl,2016,464,18.0
sco,2016,464,16.0
ar,2016,464,16.0
br,2016,464,13.0
wal,2016,464,11.0
de,2016,464,10.0
sn,2016,464,10.0
ng,2016,464,8.0
it,2016,464,8.0
nir,2016,464,6.0
rs,2016,464,6.0
ch,2016,464,5.0
ci,2016,464,5.0
gh,2016,464,5.0
at,2016,464,5.0
no,2016,464,5.0
dz,2016,464,4.0
uy,2016,464,4.0
dk,2016,464,4.0
se,2016,464,4.0
eg,2016,464,3.0
us,2016,464,3.0
co,2016,464,3.0
ec,2016,464,3.0
pl,2016,464,3.0
kr,2016,464,3.0
ma,2016,464,2.0
cl,2016,464,2.0
is,2016,464,2.0
cm,2016,464,2.0
pt,2016,464,2.0
jm,2016,464,2.0
jp,2016,464,2.0
cd,2016,464,2.0
tn,2016,464,2.0
hr,2016,464,1.0
ee,2016,464,1.0
bj,2016,464,1.0
gq,2016,464,1.0
tr,2016,464,1.0
cr,2016,464,1.0
sc,2016,464,1.0
nz,2016,464,1.0
ke,2016,464,1.0
nan,2016,464,1.0
ga,2016,464,1.0
cw,2016,464,1.0
ml,2016,464,1.0
cz,2016,464,1.0
ba,2016,464,1.0
za,2016,464,1.0
am,2016,464,1.0
ve,2016,464,1.0
au,2016,464,1.0
gm,2016,464,1.0
ca,2016,464,1.0
gr,2016,464,1.0
es,2016,464,2.0
it,2016,464,1.0
pt,2016,464,1.0
eng,2017,466,157.0
es,2017,466,29.0
fr,2017,466,26.0
nl,2017,466,21.0
be,2017,466,17.0
ie,2017,466,15.0
ar,2017,466,14.0
br,2017,466,13.0
de,2017,466,13.0
sco,2017,466,12.0
wal,2017,466,11.0
sn,2017,466,8.0
dk,2017,466,7.0
at,2017,466,7.0
it,2017,466,6.0
ch,2017,466,6.0
pt,2017,466,6.0
gh,2017,466,5.0
nir,2017,466,5.0
gr,2017,466,4.0
ng,2017,466,4.0
cm,2017,466,4.0
ci,2017,466,4.0
rs,2017,466,4.0
eg,2017,466,4.0
us,2017,466,3.0
kr,2017,466,3.0
se,2017,466,3.0
ml,2017,466,3.0
cd,2017,466,3.0
co,2017,466,3.0
ma,2017,466,3.0
pl,2017,466,3.0
is,2017,466,2.0
jm,2017,466,2.0
jp,2017,466,2.0
nz,2017,466,2.0
ga,2017,466,2.0
hr,2017,466,2.0
dz,2017,466,2.0
cl,2017,466,2.0
no,2017,466,2.0
au,2017,466,2.0
ba,2017,466,2.0
il,2017,466,2.0
sc,2017,466,1.0
tr,2017,466,1.0
ec,2017,466,1.0
ua,2017,466,1.0
ve,2017,466,1.0
ke,2017,466,1.0
mx,2017,466,1.0
sk,2017,466,1.0
ca,2017,466,1.0
ee,2017,466,1.0
bj,2017,466,1.0
cz,2017,466,1.0
uy,2017,466,1.0
pe,2017,466,1.0
am,2017,466,1.0
cw,2017,466,1.0
it,2017,466,1.0
es,2017,466,1.0
pt,2017,466,1.0
tr,2017,466,1.0
