,season,squad,squad_nat,Pts,players_used,fac_nat,squad_nat_mean,rel_divers,fac_nat_mean,rel_divers_2
0,1992,Crystal Palace,4,49,23,0.17391304347826086,5.863636363636363,-1.8636363636363633,0.2532530344995644,-0.07933999102130351
1,1992,Norwich City,6,72,19,0.3157894736842105,5.863636363636363,0.1363636363636367,0.2532530344995644,0.06253643918464613
2,1992,Blackburn Rovers,5,71,23,0.21739130434782608,5.863636363636363,-0.8636363636363633,0.2532530344995644,-0.0358617301517383
3,1992,Southampton,5,50,18,0.2777777777777778,5.863636363636363,-0.8636363636363633,0.2532530344995644,0.024524743278213412
4,1992,Manchester United,7,84,20,0.35,5.863636363636363,1.1363636363636367,0.2532530344995644,0.0967469655004356
5,1992,Wimbledon,7,54,22,0.3181818181818182,5.863636363636363,1.1363636363636367,0.2532530344995644,0.0649287836822538
6,1992,Manchester City,6,58,23,0.2608695652173913,5.863636363636363,0.1363636363636367,0.2532530344995644,0.007616530717826919
7,1992,Arsenal,7,56,28,0.25,5.863636363636363,1.1363636363636367,0.2532530344995644,-0.003253034499564378
8,1992,Sheffield Wednesday,6,60,24,0.25,5.863636363636363,0.1363636363636367,0.2532530344995644,-0.003253034499564378
9,1992,Leeds United,6,51,29,0.20689655172413793,5.863636363636363,0.1363636363636367,0.2532530344995644,-0.04635648277542645
10,1992,Everton,6,53,25,0.24,5.863636363636363,0.1363636363636367,0.2532530344995644,-0.013253034499564387
11,1992,Nottingham Forest,6,40,23,0.2608695652173913,5.863636363636363,0.1363636363636367,0.2532530344995644,0.007616530717826919
12,1992,Coventry City,6,52,28,0.21428571428571427,5.863636363636363,0.1363636363636367,0.2532530344995644,-0.038967320213850104
13,1992,Sheffield United,4,52,21,0.19047619047619047,5.863636363636363,-1.8636363636363633,0.2532530344995644,-0.06277684402337391
14,1992,Ipswich Town,6,52,22,0.2727272727272727,5.863636363636363,0.1363636363636367,0.2532530344995644,0.01947423822770833
15,1992,Liverpool,8,59,25,0.32,5.863636363636363,2.1363636363636367,0.2532530344995644,0.06674696550043563
16,1992,Queens Park Rangers,6,63,19,0.3157894736842105,5.863636363636363,0.1363636363636367,0.2532530344995644,0.06253643918464613
17,1992,Tottenham Hotspur,6,59,24,0.25,5.863636363636363,0.1363636363636367,0.2532530344995644,-0.003253034499564378
18,1992,Aston Villa,6,74,23,0.2608695652173913,5.863636363636363,0.1363636363636367,0.2532530344995644,0.007616530717826919
19,1992,Oldham Athletic,4,49,20,0.2,5.863636363636363,-1.8636363636363633,0.2532530344995644,-0.05325303449956437
20,1992,Middlesbrough,3,44,26,0.11538461538461539,5.863636363636363,-2.8636363636363633,0.2532530344995644,-0.137868419114949
21,1992,Chelsea,9,56,29,0.3103448275862069,5.863636363636363,3.1363636363636367,0.2532530344995644,0.05709179308664253
22,1993,Everton,5,44,21,0.23809523809523808,6.0,-1.0,0.2581941737630819,-0.02009893566784382
23,1993,West Ham United,7,52,20,0.35,6.0,1.0,0.2581941737630819,0.09180582623691808
24,1993,Blackburn Rovers,4,92,21,0.19047619047619047,6.0,-2.0,0.2581941737630819,-0.06771798328689144
25,1993,Norwich City,5,53,21,0.23809523809523808,6.0,-1.0,0.2581941737630819,-0.02009893566784382
26,1993,Wimbledon,6,65,22,0.2727272727272727,6.0,0.0,0.2581941737630819,0.014533098964190805
27,1993,Chelsea,11,51,26,0.4230769230769231,6.0,5.0,0.2581941737630819,0.16488274931384117
28,1993,Manchester United,8,105,24,0.3333333333333333,6.0,2.0,0.2581941737630819,0.07513915957025141
29,1993,Arsenal,4,71,20,0.2,6.0,-2.0,0.2581941737630819,-0.05819417376308189
30,1993,Coventry City,6,56,26,0.23076923076923078,6.0,0.0,0.2581941737630819,-0.02742494299385112
31,1993,Sheffield Wednesday,6,64,24,0.25,6.0,0.0,0.2581941737630819,-0.008194173763081902
32,1993,Tottenham Hotspur,4,45,26,0.15384615384615385,6.0,-2.0,0.2581941737630819,-0.10434801991692805
33,1993,Manchester City,9,45,29,0.3103448275862069,6.0,3.0,0.2581941737630819,0.052150653823125004
34,1993,Sheffield United,7,42,25,0.28,6.0,1.0,0.2581941737630819,0.021805826236918124
35,1993,Aston Villa,6,57,24,0.25,6.0,0.0,0.2581941737630819,-0.008194173763081902
36,1993,Liverpool,7,60,22,0.3181818181818182,6.0,1.0,0.2581941737630819,0.059987644418736275
37,1993,Swindon Town,6,30,24,0.25,6.0,0.0,0.2581941737630819,-0.008194173763081902
38,1993,Ipswich Town,5,43,19,0.2631578947368421,6.0,-1.0,0.2581941737630819,0.004963720973760188
39,1993,Queens Park Rangers,5,60,21,0.23809523809523808,6.0,-1.0,0.2581941737630819,-0.02009893566784382
40,1993,Southampton,4,35,25,0.16,6.0,-2.0,0.2581941737630819,-0.0981941737630819
41,1993,Leeds United,4,70,23,0.17391304347826086,6.0,-2.0,0.2581941737630819,-0.08428113028482104
42,1993,Newcastle United,8,80,23,0.34782608695652173,6.0,2.0,0.2581941737630819,0.08963191319343983
43,1993,Oldham Athletic,5,33,24,0.20833333333333334,6.0,-1.0,0.2581941737630819,-0.04986084042974856
44,1994,Nottingham Forest,6,77,20,0.3,6.590909090909091,-0.5909090909090908,0.2805926801703793,0.019407319829620684
45,1994,Liverpool,6,74,20,0.3,6.590909090909091,-0.5909090909090908,0.2805926801703793,0.019407319829620684
46,1994,Leeds United,7,73,20,0.35,6.590909090909091,0.40909090909090917,0.2805926801703793,0.06940731982962067
47,1994,West Ham United,10,50,24,0.4166666666666667,6.590909090909091,3.409090909090909,0.2805926801703793,0.13607398649628738
48,1994,Everton,5,50,24,0.20833333333333334,6.590909090909091,-1.5909090909090908,0.2805926801703793,-0.07225934683704596
49,1994,Tottenham Hotspur,6,62,24,0.25,6.590909090909091,-0.5909090909090908,0.2805926801703793,-0.030592680170379305
50,1994,Blackburn Rovers,5,89,19,0.2631578947368421,6.590909090909091,-1.5909090909090908,0.2805926801703793,-0.017434785433537214
51,1994,Ipswich Town,8,27,27,0.2962962962962963,6.590909090909091,1.4090909090909092,0.2805926801703793,0.015703616125916975
52,1994,Newcastle United,8,72,22,0.36363636363636365,6.590909090909091,1.4090909090909092,0.2805926801703793,0.08304368346598434
53,1994,Crystal Palace,3,45,22,0.13636363636363635,6.590909090909091,-3.590909090909091,0.2805926801703793,-0.14422904380674295
54,1994,Leicester City,5,29,28,0.17857142857142858,6.590909090909091,-1.5909090909090908,0.2805926801703793,-0.10202125159895073
55,1994,Sheffield Wednesday,7,51,25,0.28,6.590909090909091,0.40909090909090917,0.2805926801703793,-0.0005926801703792783
56,1994,Coventry City,6,50,27,0.2222222222222222,6.590909090909091,-0.5909090909090908,0.2805926801703793,-0.058370457948157095
57,1994,Manchester United,8,88,23,0.34782608695652173,6.590909090909091,1.4090909090909092,0.2805926801703793,0.06723340678614242
58,1994,Arsenal,8,51,30,0.26666666666666666,6.590909090909091,1.4090909090909092,0.2805926801703793,-0.013926013503712642
59,1994,Wimbledon,8,56,23,0.34782608695652173,6.590909090909091,1.4090909090909092,0.2805926801703793,0.06723340678614242
60,1994,Chelsea,9,54,23,0.391304347826087,6.590909090909091,2.409090909090909,0.2805926801703793,0.11071166765570767
61,1994,Queens Park Rangers,5,60,22,0.22727272727272727,6.590909090909091,-1.5909090909090908,0.2805926801703793,-0.05331995289765204
62,1994,Southampton,6,54,24,0.25,6.590909090909091,-0.5909090909090908,0.2805926801703793,-0.030592680170379305
63,1994,Aston Villa,6,48,23,0.2608695652173913,6.590909090909091,-0.5909090909090908,0.2805926801703793,-0.019723114952988008
64,1994,Manchester City,8,49,26,0.3076923076923077,6.590909090909091,1.4090909090909092,0.2805926801703793,0.027099627521928404
65,1994,Norwich City,5,43,24,0.20833333333333334,6.590909090909091,-1.5909090909090908,0.2805926801703793,-0.07225934683704596
66,1995,Arsenal,6,63,23,0.2608695652173913,7.45,-1.4500000000000002,0.31833966342275344,-0.05747009820536214
67,1995,Everton,8,61,23,0.34782608695652173,7.45,0.5499999999999998,0.31833966342275344,0.02948642353376829
68,1995,Nottingham Forest,7,58,19,0.3684210526315789,7.45,-0.4500000000000002,0.31833966342275344,0.05008138920882549
69,1995,Manchester City,8,38,24,0.3333333333333333,7.45,0.5499999999999998,0.31833966342275344,0.014993669910579877
70,1995,Tottenham Hotspur,5,61,21,0.23809523809523808,7.45,-2.45,0.31833966342275344,-0.08024442532751536
71,1995,Liverpool,5,71,18,0.2777777777777778,7.45,-2.45,0.31833966342275344,-0.04056188564497565
72,1995,Aston Villa,6,65,22,0.2727272727272727,7.45,-1.4500000000000002,0.31833966342275344,-0.04561239069548073
73,1995,Blackburn Rovers,6,61,25,0.24,7.45,-1.4500000000000002,0.31833966342275344,-0.07833966342275345
74,1995,Southampton,6,38,23,0.2608695652173913,7.45,-1.4500000000000002,0.31833966342275344,-0.05747009820536214
75,1995,West Ham United,12,51,27,0.4444444444444444,7.45,4.55,0.31833966342275344,0.12610478102169098
76,1995,Manchester United,6,82,21,0.2857142857142857,7.45,-1.4500000000000002,0.31833966342275344,-0.03262537770846774
77,1995,Queens Park Rangers,7,33,25,0.28,7.45,-0.4500000000000002,0.31833966342275344,-0.03833966342275341
78,1995,Bolton Wanderers,9,29,23,0.391304347826087,7.45,1.5499999999999998,0.31833966342275344,0.07296468440333354
79,1995,Middlesbrough,7,43,28,0.25,7.45,-0.4500000000000002,0.31833966342275344,-0.06833966342275344
80,1995,Sheffield Wednesday,9,40,25,0.36,7.45,1.5499999999999998,0.31833966342275344,0.04166033657724655
81,1995,Leeds United,9,43,28,0.32142857142857145,7.45,1.5499999999999998,0.31833966342275344,0.003088908005818014
82,1995,Chelsea,11,50,22,0.5,7.45,3.55,0.31833966342275344,0.18166033657724656
83,1995,Coventry City,7,38,26,0.2692307692307692,7.45,-0.4500000000000002,0.31833966342275344,-0.04910889419198422
84,1995,Newcastle United,7,78,18,0.3888888888888889,7.45,-0.4500000000000002,0.31833966342275344,0.07054922546613546
85,1995,Wimbledon,8,41,29,0.27586206896551724,7.45,0.5499999999999998,0.31833966342275344,-0.0424775944572362
86,1996,Sheffield Wednesday,7,57,20,0.35,7.75,-0.75,0.35987336659267616,-0.00987336659267618
87,1996,Coventry City,4,41,19,0.21052631578947367,7.75,-3.75,0.35987336659267616,-0.14934705080320249
88,1996,Liverpool,6,68,17,0.35294117647058826,7.75,-1.75,0.35987336659267616,-0.0069321901220879
89,1996,Tottenham Hotspur,8,46,22,0.36363636363636365,7.75,0.25,0.35987336659267616,0.0037629970436874882
90,1996,Leeds United,8,46,23,0.34782608695652173,7.75,0.25,0.35987336659267616,-0.012047279636154429
91,1996,Wimbledon,7,56,22,0.3181818181818182,7.75,-0.75,0.35987336659267616,-0.04169154841085798
92,1996,Blackburn Rovers,7,42,22,0.3181818181818182,7.75,-0.75,0.35987336659267616,-0.04169154841085798
93,1996,West Ham United,11,42,26,0.4230769230769231,7.75,3.25,0.35987336659267616,0.06320355648424691
94,1996,Manchester United,9,75,19,0.47368421052631576,7.75,1.25,0.35987336659267616,0.1138108439336396
95,1996,Everton,8,42,22,0.36363636363636365,7.75,0.25,0.35987336659267616,0.0037629970436874882
96,1996,Nottingham Forest,7,37,25,0.28,7.75,-0.75,0.35987336659267616,-0.07987336659267613
97,1996,Derby County,11,47,23,0.4782608695652174,7.75,3.25,0.35987336659267616,0.11838750297254125
98,1996,Leicester City,7,47,22,0.3181818181818182,7.75,-0.75,0.35987336659267616,-0.04169154841085798
99,1996,Sunderland,6,40,19,0.3157894736842105,7.75,-1.75,0.35987336659267616,-0.04408389290846565
100,1996,Aston Villa,7,61,18,0.3888888888888889,7.75,-0.75,0.35987336659267616,0.029015522296212737
101,1996,Arsenal,5,68,20,0.25,7.75,-2.75,0.35987336659267616,-0.10987336659267616
102,1996,Newcastle United,7,68,17,0.4117647058823529,7.75,-0.75,0.35987336659267616,0.05189133928967676
103,1996,Chelsea,11,58,24,0.4583333333333333,7.75,3.25,0.35987336659267616,0.09845996674065716
104,1996,Southampton,8,45,27,0.2962962962962963,7.75,0.25,0.35987336659267616,-0.06357707029637988
105,1996,Middlesbrough,11,42,23,0.4782608695652174,7.75,3.25,0.35987336659267616,0.11838750297254125
106,1997,Wimbledon,8,44,21,0.38095238095238093,9.4,-1.4000000000000004,0.4198885760184387,-0.03893619506605778
107,1997,Southampton,6,48,24,0.25,9.4,-3.4000000000000004,0.4198885760184387,-0.1698885760184387
108,1997,Crystal Palace,10,33,24,0.4166666666666667,9.4,0.5999999999999996,0.4198885760184387,-0.003221909351772023
109,1997,Leeds United,9,59,19,0.47368421052631576,9.4,-0.40000000000000036,0.4198885760184387,0.053795634507877055
110,1997,Sheffield Wednesday,10,44,25,0.4,9.4,0.5999999999999996,0.4198885760184387,-0.019888576018438686
111,1997,Derby County,13,55,23,0.5652173913043478,9.4,3.5999999999999996,0.4198885760184387,0.14532881528590907
112,1997,Bolton Wanderers,8,40,24,0.3333333333333333,9.4,-1.4000000000000004,0.4198885760184387,-0.0865552426851054
113,1997,Leicester City,9,53,20,0.45,9.4,-0.40000000000000036,0.4198885760184387,0.030111423981561303
114,1997,Manchester United,8,77,23,0.34782608695652173,9.4,-1.4000000000000004,0.4198885760184387,-0.07206248906191698
115,1997,Arsenal,6,78,21,0.2857142857142857,9.4,-3.4000000000000004,0.4198885760184387,-0.134174290304153
116,1997,Aston Villa,7,57,18,0.3888888888888889,9.4,-2.4000000000000004,0.4198885760184387,-0.030999687129549813
117,1997,Barnsley,12,35,21,0.5714285714285714,9.4,2.5999999999999996,0.4198885760184387,0.1515399954101327
118,1997,Tottenham Hotspur,12,44,25,0.48,9.4,2.5999999999999996,0.4198885760184387,0.060111423981561274
119,1997,Chelsea,13,63,25,0.52,9.4,3.5999999999999996,0.4198885760184387,0.10011142398156131
120,1997,Liverpool,8,65,22,0.36363636363636365,9.4,-1.4000000000000004,0.4198885760184387,-0.05625221238207506
121,1997,Newcastle United,11,44,24,0.4583333333333333,9.4,1.5999999999999996,0.4198885760184387,0.038444757314894606
122,1997,Blackburn Rovers,9,65,19,0.47368421052631576,9.4,-0.40000000000000036,0.4198885760184387,0.053795634507877055
123,1997,Coventry City,9,52,20,0.45,9.4,-0.40000000000000036,0.4198885760184387,0.030111423981561303
124,1997,Everton,8,40,30,0.26666666666666666,9.4,-1.4000000000000004,0.4198885760184387,-0.15322190935177205
125,1997,West Ham United,12,56,23,0.5217391304347826,9.4,2.5999999999999996,0.4198885760184387,0.10185055441634389
126,1998,Wimbledon,8,42,23,0.34782608695652173,9.65,-1.6500000000000004,0.36846450158079014,-0.02063841462426841
127,1998,Everton,10,43,30,0.3333333333333333,9.65,0.34999999999999964,0.36846450158079014,-0.03513116824745682
128,1998,West Ham United,12,57,27,0.4444444444444444,9.65,2.3499999999999996,0.36846450158079014,0.07597994286365428
129,1998,Coventry City,10,42,27,0.37037037037037035,9.65,0.34999999999999964,0.36846450158079014,0.0019058687895802118
130,1998,Leicester City,11,49,24,0.4583333333333333,9.65,1.3499999999999996,0.36846450158079014,0.08986883175254318
131,1998,Chelsea,11,75,26,0.4230769230769231,9.65,1.3499999999999996,0.36846450158079014,0.054612421496132935
132,1998,Leeds United,10,67,24,0.4166666666666667,9.65,0.34999999999999964,0.36846450158079014,0.04820216508587655
133,1998,Manchester United,8,79,23,0.34782608695652173,9.65,-1.6500000000000004,0.36846450158079014,-0.02063841462426841
134,1998,Middlesbrough,8,51,28,0.2857142857142857,9.65,-1.6500000000000004,0.36846450158079014,-0.08275021586650444
135,1998,Arsenal,10,78,25,0.4,9.65,0.34999999999999964,0.36846450158079014,0.031535498419209884
136,1998,Southampton,8,41,27,0.2962962962962963,9.65,-1.6500000000000004,0.36846450158079014,-0.07216820528449386
137,1998,Newcastle United,14,46,29,0.4827586206896552,9.65,4.35,0.36846450158079014,0.11429411910886506
138,1998,Nottingham Forest,10,30,31,0.3225806451612903,9.65,0.34999999999999964,0.36846450158079014,-0.045883856419499824
139,1998,Liverpool,9,54,24,0.375,9.65,-0.6500000000000004,0.36846450158079014,0.006535498419209862
140,1998,Blackburn Rovers,10,39,29,0.3448275862068966,9.65,0.34999999999999964,0.36846450158079014,-0.023636915373893563
141,1998,Tottenham Hotspur,12,48,26,0.46153846153846156,9.65,2.3499999999999996,0.36846450158079014,0.09307395995767143
142,1998,Sheffield Wednesday,11,46,26,0.4230769230769231,9.65,1.3499999999999996,0.36846450158079014,0.054612421496132935
143,1998,Derby County,13,52,25,0.52,9.65,3.3499999999999996,0.36846450158079014,0.15153549841920988
144,1998,Aston Villa,3,55,23,0.13043478260869565,9.65,-6.65,0.36846450158079014,-0.2380297189720945
145,1998,Charlton Athletic,5,36,27,0.18518518518518517,9.65,-4.65,0.36846450158079014,-0.18327931639560496
146,1999,Tottenham Hotspur,12,53,27,0.4444444444444444,10.25,1.75,0.39120671591416867,0.05323772853027575
147,1999,Leeds United,7,74,20,0.35,10.25,-3.25,0.39120671591416867,-0.04120671591416869
148,1999,Wimbledon,10,33,26,0.38461538461538464,10.25,-0.25,0.39120671591416867,-0.006591331298784031
149,1999,Sunderland,8,58,25,0.32,10.25,-2.25,0.39120671591416867,-0.07120671591416866
150,1999,Chelsea,12,65,27,0.4444444444444444,10.25,1.75,0.39120671591416867,0.05323772853027575
151,1999,Middlesbrough,8,52,27,0.2962962962962963,10.25,-2.25,0.39120671591416867,-0.09491041961787239
152,1999,Liverpool,13,67,23,0.5652173913043478,10.25,2.75,0.39120671591416867,0.17401067539017911
153,1999,Coventry City,10,44,27,0.37037037037037035,10.25,-0.25,0.39120671591416867,-0.020836345543798318
154,1999,Everton,7,50,28,0.25,10.25,-3.25,0.39120671591416867,-0.14120671591416867
155,1999,Southampton,7,44,28,0.25,10.25,-3.25,0.39120671591416867,-0.14120671591416867
156,1999,Aston Villa,8,58,24,0.3333333333333333,10.25,-2.25,0.39120671591416867,-0.05787338258083535
157,1999,Derby County,14,38,29,0.4827586206896552,10.25,3.75,0.39120671591416867,0.09155190477548653
158,1999,Leicester City,9,55,24,0.375,10.25,-1.25,0.39120671591416867,-0.016206715914168668
159,1999,Watford,11,24,31,0.3548387096774194,10.25,0.75,0.39120671591416867,-0.036368006236749295
160,1999,Arsenal,13,73,24,0.5416666666666666,10.25,2.75,0.39120671591416867,0.15045995075249796
161,1999,Manchester United,10,91,29,0.3448275862068966,10.25,-0.25,0.39120671591416867,-0.04637912970727209
162,1999,Bradford City,8,36,25,0.32,10.25,-2.25,0.39120671591416867,-0.07120671591416866
163,1999,West Ham United,12,55,26,0.46153846153846156,10.25,1.75,0.39120671591416867,0.0703317456242929
164,1999,Sheffield Wednesday,10,31,23,0.43478260869565216,10.25,-0.25,0.39120671591416867,0.043575892781483494
165,1999,Newcastle United,16,52,32,0.5,10.25,5.75,0.39120671591416867,0.10879328408583133
166,2000,Aston Villa,9,54,22,0.4090909090909091,11.1,-2.0999999999999996,0.4134343643623943,-0.004343455271485164
167,2000,Liverpool,11,69,24,0.4583333333333333,11.1,-0.09999999999999964,0.4134343643623943,0.044898968970939035
168,2000,Ipswich Town,7,66,23,0.30434782608695654,11.1,-4.1,0.4134343643623943,-0.10908653827543774
169,2000,Southampton,7,52,24,0.2916666666666667,11.1,-4.1,0.4134343643623943,-0.1217676976957276
170,2000,Tottenham Hotspur,10,48,28,0.35714285714285715,11.1,-1.0999999999999996,0.4134343643623943,-0.05629150721953713
171,2000,Sunderland,12,57,25,0.48,11.1,0.9000000000000004,0.4134343643623943,0.0665656356376057
172,2000,Newcastle United,14,51,28,0.5,11.1,2.9000000000000004,0.4134343643623943,0.08656563563760572
173,2000,West Ham United,18,42,32,0.5625,11.1,6.9,0.4134343643623943,0.14906563563760572
174,2000,Derby County,18,42,29,0.6206896551724138,11.1,6.9,0.4134343643623943,0.20725529081001953
175,2000,Everton,11,42,31,0.3548387096774194,11.1,-0.09999999999999964,0.4134343643623943,-0.05859565468497491
176,2000,Manchester City,13,32,30,0.43333333333333335,11.1,1.9000000000000004,0.4134343643623943,0.019898968970939068
177,2000,Middlesbrough,11,37,26,0.4230769230769231,11.1,-0.09999999999999964,0.4134343643623943,0.009642558714528793
178,2000,Manchester United,9,89,27,0.3333333333333333,11.1,-2.0999999999999996,0.4134343643623943,-0.08010103102906097
179,2000,Charlton Athletic,11,52,27,0.4074074074074074,11.1,-0.09999999999999964,0.4134343643623943,-0.006026956954986895
180,2000,Arsenal,12,70,26,0.46153846153846156,11.1,0.9000000000000004,0.4134343643623943,0.048104097176067284
181,2000,Chelsea,12,61,26,0.46153846153846156,11.1,0.9000000000000004,0.4134343643623943,0.048104097176067284
182,2000,Leeds United,8,68,24,0.3333333333333333,11.1,-3.0999999999999996,0.4134343643623943,-0.08010103102906097
183,2000,Coventry City,11,34,26,0.4230769230769231,11.1,-0.09999999999999964,0.4134343643623943,0.009642558714528793
184,2000,Leicester City,10,48,28,0.35714285714285715,11.1,-1.0999999999999996,0.4134343643623943,-0.05629150721953713
185,2000,Bradford City,8,31,27,0.2962962962962963,11.1,-3.0999999999999996,0.4134343643623943,-0.117138068066098
186,2001,Charlton Athletic,9,44,25,0.36,10.7,-1.6999999999999993,0.43079902353302496,-0.07079902353302497
187,2001,Newcastle United,12,71,19,0.631578947368421,10.7,1.3000000000000007,0.43079902353302496,0.20077992383539606
188,2001,Leeds United,6,66,21,0.2857142857142857,10.7,-4.699999999999999,0.43079902353302496,-0.14508473781873926
189,2001,Fulham,11,44,23,0.4782608695652174,10.7,0.3000000000000007,0.43079902353302496,0.047461846032192445
190,2001,Southampton,9,45,27,0.3333333333333333,10.7,-1.6999999999999993,0.43079902353302496,-0.09746569019969165
191,2001,Blackburn Rovers,10,46,24,0.4166666666666667,10.7,-0.6999999999999993,0.43079902353302496,-0.014132356866358275
192,2001,Liverpool,12,80,24,0.5,10.7,1.3000000000000007,0.43079902353302496,0.06920097646697504
193,2001,Leicester City,7,28,28,0.25,10.7,-3.6999999999999993,0.43079902353302496,-0.18079902353302496
194,2001,Sunderland,13,40,25,0.52,10.7,2.3000000000000007,0.43079902353302496,0.08920097646697506
195,2001,Bolton Wanderers,11,40,28,0.39285714285714285,10.7,0.3000000000000007,0.43079902353302496,-0.03794188067588211
196,2001,Manchester United,10,77,26,0.38461538461538464,10.7,-0.6999999999999993,0.43079902353302496,-0.046183638917640324
197,2001,Tottenham Hotspur,11,50,24,0.4583333333333333,10.7,0.3000000000000007,0.43079902353302496,0.027534309800308354
198,2001,Aston Villa,11,50,21,0.5238095238095238,10.7,0.3000000000000007,0.43079902353302496,0.09301050027649888
199,2001,Chelsea,11,64,24,0.4583333333333333,10.7,0.3000000000000007,0.43079902353302496,0.027534309800308354
200,2001,West Ham United,14,53,27,0.5185185185185185,10.7,3.3000000000000007,0.43079902353302496,0.08771949498549353
201,2001,Everton,11,43,27,0.4074074074074074,10.7,0.3000000000000007,0.43079902353302496,-0.023391616125617576
202,2001,Ipswich Town,10,36,25,0.4,10.7,-0.6999999999999993,0.43079902353302496,-0.03079902353302494
203,2001,Middlesbrough,13,45,29,0.4482758620689655,10.7,2.3000000000000007,0.43079902353302496,0.017476838535940564
204,2001,Derby County,13,30,29,0.4482758620689655,10.7,2.3000000000000007,0.43079902353302496,0.017476838535940564
205,2001,Arsenal,10,87,25,0.4,10.7,-0.6999999999999993,0.43079902353302496,-0.03079902353302494
206,2002,Newcastle United,12,69,25,0.48,11.45,0.5500000000000007,0.43777431750260043,0.04222568249739955
207,2002,Bolton Wanderers,10,44,27,0.37037037037037035,11.45,-1.4499999999999993,0.43777431750260043,-0.06740394713223008
208,2002,Leeds United,9,47,26,0.34615384615384615,11.45,-2.4499999999999993,0.43777431750260043,-0.09162047134875428
209,2002,Tottenham Hotspur,11,50,24,0.4583333333333333,11.45,-0.4499999999999993,0.43777431750260043,0.020559015830732885
210,2002,West Ham United,9,42,24,0.375,11.45,-2.4499999999999993,0.43777431750260043,-0.06277431750260043
211,2002,Middlesbrough,12,49,29,0.41379310344827586,11.45,0.5500000000000007,0.43777431750260043,-0.023981214054324573
212,2002,Charlton Athletic,11,49,26,0.4230769230769231,11.45,-0.4499999999999993,0.43777431750260043,-0.014697394425677357
213,2002,Blackburn Rovers,12,60,27,0.4444444444444444,11.45,0.5500000000000007,0.43777431750260043,0.00667012694184399
214,2002,West Bromwich Albion,9,26,22,0.4090909090909091,11.45,-2.4499999999999993,0.43777431750260043,-0.028683408411691313
215,2002,Chelsea,9,67,21,0.42857142857142855,11.45,-2.4499999999999993,0.43777431750260043,-0.009202888931171882
216,2002,Everton,10,59,26,0.38461538461538464,11.45,-1.4499999999999993,0.43777431750260043,-0.05315893288721579
217,2002,Aston Villa,14,45,27,0.5185185185185185,11.45,2.5500000000000007,0.43777431750260043,0.08074420101591806
218,2002,Liverpool,13,64,23,0.5652173913043478,11.45,1.5500000000000007,0.43777431750260043,0.12744307380174735
219,2002,Manchester City,13,51,26,0.5,11.45,1.5500000000000007,0.43777431750260043,0.06222568249739957
220,2002,Manchester United,10,83,26,0.38461538461538464,11.45,-1.4499999999999993,0.43777431750260043,-0.05315893288721579
221,2002,Arsenal,12,78,28,0.42857142857142855,11.45,0.5500000000000007,0.43777431750260043,-0.009202888931171882
222,2002,Birmingham City,13,48,34,0.38235294117647056,11.45,1.5500000000000007,0.43777431750260043,-0.05542137632612987
223,2002,Southampton,12,52,24,0.5,11.45,0.5500000000000007,0.43777431750260043,0.06222568249739957
224,2002,Sunderland,14,19,33,0.42424242424242425,11.45,2.5500000000000007,0.43777431750260043,-0.013531893260176175
225,2002,Fulham,14,47,27,0.5185185185185185,11.45,2.5500000000000007,0.43777431750260043,0.08074420101591806
226,2003,Newcastle United,8,56,23,0.34782608695652173,11.45,-3.4499999999999993,0.44427965744434533,-0.0964535704878236
227,2003,Bolton Wanderers,9,53,24,0.375,11.45,-2.4499999999999993,0.44427965744434533,-0.06927965744434533
228,2003,Tottenham Hotspur,12,45,27,0.4444444444444444,11.45,0.5500000000000007,0.44427965744434533,0.00016478700009908698
229,2003,Arsenal,11,90,22,0.5,11.45,-0.4499999999999993,0.44427965744434533,0.05572034255565467
230,2003,Aston Villa,12,56,24,0.5,11.45,0.5500000000000007,0.44427965744434533,0.05572034255565467
231,2003,Charlton Athletic,10,53,23,0.43478260869565216,11.45,-1.4499999999999993,0.44427965744434533,-0.009497048748693171
232,2003,Leicester City,9,33,28,0.32142857142857145,11.45,-2.4499999999999993,0.44427965744434533,-0.12285108601577388
233,2003,Fulham,10,52,30,0.3333333333333333,11.45,-1.4499999999999993,0.44427965744434533,-0.11094632411101202
234,2003,Blackburn Rovers,13,44,28,0.4642857142857143,11.45,1.5500000000000007,0.44427965744434533,0.02000605684136897
235,2003,Middlesbrough,9,48,27,0.3333333333333333,11.45,-2.4499999999999993,0.44427965744434533,-0.11094632411101202
236,2003,Leeds United,10,33,29,0.3448275862068966,11.45,-1.4499999999999993,0.44427965744434533,-0.09945207123744876
237,2003,Birmingham City,10,50,27,0.37037037037037035,11.45,-1.4499999999999993,0.44427965744434533,-0.07390928707397498
238,2003,Everton,10,39,26,0.38461538461538464,11.45,-1.4499999999999993,0.44427965744434533,-0.059664272828960696
239,2003,Manchester United,14,75,22,0.6363636363636364,11.45,2.5500000000000007,0.44427965744434533,0.19208397891929102
240,2003,Portsmouth,15,45,31,0.4838709677419355,11.45,3.5500000000000007,0.44427965744434533,0.039591310297590165
241,2003,Liverpool,14,57,24,0.5833333333333334,11.45,2.5500000000000007,0.44427965744434533,0.13905367588898804
242,2003,Southampton,11,35,27,0.4074074074074074,11.45,-0.4499999999999993,0.44427965744434533,-0.03687225003693795
243,2003,Wolverhampton Wanderers,14,48,27,0.5185185185185185,11.45,2.5500000000000007,0.44427965744434533,0.07423886107417316
244,2003,Chelsea,14,79,27,0.5185185185185185,11.45,2.5500000000000007,0.44427965744434533,0.07423886107417316
245,2003,Manchester City,14,41,24,0.5833333333333334,11.45,2.5500000000000007,0.44427965744434533,0.13905367588898804
246,2004,Birmingham City,13,45,25,0.52,11.5,1.5,0.463136429190777,0.056863570809222996
247,2004,Manchester City,7,52,24,0.2916666666666667,11.5,-4.5,0.463136429190777,-0.17146976252411034
248,2004,Blackburn Rovers,13,42,27,0.48148148148148145,11.5,1.5,0.463136429190777,0.018345052290704433
249,2004,Norwich City,9,33,25,0.36,11.5,-2.5,0.463136429190777,-0.10313642919077703
250,2004,Charlton Athletic,9,46,21,0.42857142857142855,11.5,-2.5,0.463136429190777,-0.034565000619348474
251,2004,Newcastle United,9,44,26,0.34615384615384615,11.5,-2.5,0.463136429190777,-0.11698258303693088
252,2004,Bolton Wanderers,14,58,24,0.5833333333333334,11.5,2.5,0.463136429190777,0.12019690414255635
253,2004,Tottenham Hotspur,14,52,27,0.5185185185185185,11.5,2.5,0.463136429190777,0.05538208932774147
254,2004,Aston Villa,13,47,21,0.6190476190476191,11.5,1.5,0.463136429190777,0.15591118985684205
255,2004,West Bromwich Albion,12,34,26,0.46153846153846156,11.5,0.5,0.463136429190777,-0.0015979676523154573
256,2004,Chelsea,14,95,27,0.5185185185185185,11.5,2.5,0.463136429190777,0.05538208932774147
257,2004,Fulham,12,44,24,0.5,11.5,0.5,0.463136429190777,0.03686357080922298
258,2004,Crystal Palace,12,33,26,0.46153846153846156,11.5,0.5,0.463136429190777,-0.0015979676523154573
259,2004,Everton,8,61,21,0.38095238095238093,11.5,-3.5,0.463136429190777,-0.08218404823839609
260,2004,Middlesbrough,9,55,27,0.3333333333333333,11.5,-2.5,0.463136429190777,-0.1298030958574437
261,2004,Arsenal,12,83,24,0.5,11.5,0.5,0.463136429190777,0.03686357080922298
262,2004,Southampton,11,32,28,0.39285714285714285,11.5,-0.5,0.463136429190777,-0.07027928633363417
263,2004,Manchester United,12,77,24,0.5,11.5,0.5,0.463136429190777,0.03686357080922298
264,2004,Liverpool,14,58,28,0.5,11.5,2.5,0.463136429190777,0.03686357080922298
265,2004,Portsmouth,13,39,23,0.5652173913043478,11.5,1.5,0.463136429190777,0.10208096211357076
266,2005,Newcastle United,9,58,22,0.4090909090909091,12.15,-3.1500000000000004,0.48535201835201847,-0.07626110926110935
267,2005,Bolton Wanderers,16,56,24,0.6666666666666666,12.15,3.8499999999999996,0.48535201835201847,0.18131464831464816
268,2005,Tottenham Hotspur,10,65,23,0.43478260869565216,12.15,-2.1500000000000004,0.48535201835201847,-0.050569409656366304
269,2005,Manchester City,10,43,25,0.4,12.15,-2.1500000000000004,0.48535201835201847,-0.08535201835201844
270,2005,Blackburn Rovers,15,63,23,0.6521739130434783,12.15,2.8499999999999996,0.48535201835201847,0.1668218946914598
271,2005,Arsenal,13,67,27,0.48148148148148145,12.15,0.8499999999999996,0.48535201835201847,-0.0038705368705370113
272,2005,Manchester United,11,83,23,0.4782608695652174,12.15,-1.1500000000000004,0.48535201835201847,-0.00709114878680106
273,2005,Aston Villa,12,42,25,0.48,12.15,-0.15000000000000036,0.48535201835201847,-0.005352018352018484
274,2005,Birmingham City,11,34,27,0.4074074074074074,12.15,-1.1500000000000004,0.48535201835201847,-0.07794461094461108
275,2005,Chelsea,14,91,24,0.5833333333333334,12.15,1.8499999999999996,0.48535201835201847,0.0979813149813149
276,2005,Sunderland,9,15,27,0.3333333333333333,12.15,-3.1500000000000004,0.48535201835201847,-0.15201868501868515
277,2005,Liverpool,12,82,22,0.5454545454545454,12.15,-0.15000000000000036,0.48535201835201847,0.06010252710252695
278,2005,West Bromwich Albion,12,30,26,0.46153846153846156,12.15,-0.15000000000000036,0.48535201835201847,-0.023813556813556902
279,2005,Middlesbrough,12,45,30,0.4,12.15,-0.15000000000000036,0.48535201835201847,-0.08535201835201844
280,2005,Wigan Athletic,14,51,25,0.56,12.15,1.8499999999999996,0.48535201835201847,0.07464798164798159
281,2005,Charlton Athletic,13,44,27,0.48148148148148145,12.15,0.8499999999999996,0.48535201835201847,-0.0038705368705370113
282,2005,Everton,10,51,23,0.43478260869565216,12.15,-2.1500000000000004,0.48535201835201847,-0.050569409656366304
283,2005,West Ham United,10,55,26,0.38461538461538464,12.15,-2.1500000000000004,0.48535201835201847,-0.10073663373663383
284,2005,Portsmouth,15,34,28,0.5357142857142857,12.15,2.8499999999999996,0.48535201835201847,0.05036226736226723
285,2005,Fulham,15,48,26,0.5769230769230769,12.15,2.8499999999999996,0.48535201835201847,0.0915710585710584
286,2006,Bolton Wanderers,15,56,22,0.6818181818181818,12.75,2.25,0.5014359493302522,0.18038223248792962
287,2006,Tottenham Hotspur,13,60,25,0.52,12.75,0.25,0.5014359493302522,0.018564050669747867
288,2006,Portsmouth,11,51,22,0.5,12.75,-1.75,0.5014359493302522,-0.0014359493302521509
289,2006,Blackburn Rovers,17,52,27,0.6296296296296297,12.75,4.25,0.5014359493302522,0.1281936802993775
290,2006,Reading,12,55,23,0.5217391304347826,12.75,-0.75,0.5014359493302522,0.020303181104530443
291,2006,Charlton Athletic,15,34,28,0.5357142857142857,12.75,2.25,0.5014359493302522,0.03427833638403355
292,2006,Everton,9,58,24,0.375,12.75,-3.75,0.5014359493302522,-0.12643594933025215
293,2006,Arsenal,13,68,24,0.5416666666666666,12.75,0.25,0.5014359493302522,0.04023071733641448
294,2006,Middlesbrough,14,46,26,0.5384615384615384,12.75,1.25,0.5014359493302522,0.037025589131286285
295,2006,Liverpool,14,68,27,0.5185185185185185,12.75,1.25,0.5014359493302522,0.01708256918826634
296,2006,Sheffield United,10,38,29,0.3448275862068966,12.75,-2.75,0.5014359493302522,-0.15660836312335558
297,2006,Manchester United,13,89,25,0.52,12.75,0.25,0.5014359493302522,0.018564050669747867
298,2006,Fulham,14,39,24,0.5833333333333334,12.75,1.25,0.5014359493302522,0.08189738400308122
299,2006,Watford,10,28,28,0.35714285714285715,12.75,-2.75,0.5014359493302522,-0.144293092187395
300,2006,Aston Villa,13,50,29,0.4482758620689655,12.75,0.25,0.5014359493302522,-0.053160087261286626
301,2006,West Ham United,11,41,26,0.4230769230769231,12.75,-1.75,0.5014359493302522,-0.07835902625332908
302,2006,Wigan Athletic,13,38,23,0.5652173913043478,12.75,0.25,0.5014359493302522,0.06378144197409563
303,2006,Manchester City,12,42,26,0.46153846153846156,12.75,-0.75,0.5014359493302522,-0.03989748779179059
304,2006,Newcastle United,14,43,29,0.4827586206896552,12.75,1.25,0.5014359493302522,-0.018677328640596957
305,2006,Chelsea,12,83,25,0.48,12.75,-0.75,0.5014359493302522,-0.02143594933025217
306,2007,West Ham United,11,49,28,0.39285714285714285,13.05,-2.0500000000000007,0.480799822587869,-0.08794267973072617
307,2007,Blackburn Rovers,15,58,22,0.6818181818181818,13.05,1.9499999999999993,0.480799822587869,0.20101835923031275
308,2007,Reading,13,36,26,0.5,13.05,-0.05000000000000071,0.480799822587869,0.01920017741213098
309,2007,Liverpool,15,76,25,0.6,13.05,1.9499999999999993,0.480799822587869,0.11920017741213096
310,2007,Wigan Athletic,15,40,27,0.5555555555555556,13.05,1.9499999999999993,0.480799822587869,0.07475573296768656
311,2007,Everton,10,65,23,0.43478260869565216,13.05,-3.0500000000000007,0.480799822587869,-0.04601721389221686
312,2007,Portsmouth,14,57,28,0.5,13.05,0.9499999999999993,0.480799822587869,0.01920017741213098
313,2007,Aston Villa,7,60,22,0.3181818181818182,13.05,-6.050000000000001,0.480799822587869,-0.16261800440605084
314,2007,Birmingham City,12,35,28,0.42857142857142855,13.05,-1.0500000000000007,0.480799822587869,-0.05222839401644047
315,2007,Sunderland,10,39,31,0.3225806451612903,13.05,-3.0500000000000007,0.480799822587869,-0.1582191774265787
316,2007,Middlesbrough,11,42,29,0.3793103448275862,13.05,-2.0500000000000007,0.480799822587869,-0.10148947776028283
317,2007,Arsenal,17,83,27,0.6296296296296297,13.05,3.9499999999999993,0.480799822587869,0.14882980704176063
318,2007,Manchester United,13,87,25,0.52,13.05,-0.05000000000000071,0.480799822587869,0.039200177412131
319,2007,Bolton Wanderers,18,37,30,0.6,13.05,4.949999999999999,0.480799822587869,0.11920017741213096
320,2007,Manchester City,17,55,28,0.6071428571428571,13.05,3.9499999999999993,0.480799822587869,0.12634303455498808
321,2007,Chelsea,13,85,26,0.5,13.05,-0.05000000000000071,0.480799822587869,0.01920017741213098
322,2007,Tottenham Hotspur,15,46,30,0.5,13.05,1.9499999999999993,0.480799822587869,0.01920017741213098
323,2007,Fulham,13,36,32,0.40625,13.05,-0.05000000000000071,0.480799822587869,-0.07454982258786902
324,2007,Newcastle United,12,43,26,0.46153846153846156,13.05,-1.0500000000000007,0.480799822587869,-0.019261361049407455
325,2007,Derby County,10,11,36,0.2777777777777778,13.05,-3.0500000000000007,0.480799822587869,-0.20302204481009123
326,2008,Bolton Wanderers,13,41,24,0.5416666666666666,12.45,0.5500000000000007,0.44364522236589865,0.09802144430076798
327,2008,West Ham United,12,51,30,0.4,12.45,-0.4499999999999993,0.44364522236589865,-0.04364522236589863
328,2008,Everton,11,63,25,0.44,12.45,-1.4499999999999993,0.44364522236589865,-0.0036452223658986482
329,2008,Fulham,14,53,25,0.56,12.45,1.5500000000000007,0.44364522236589865,0.1163547776341014
330,2008,Liverpool,13,86,23,0.5652173913043478,12.45,0.5500000000000007,0.44364522236589865,0.12157216893844913
331,2008,Aston Villa,6,62,21,0.2857142857142857,12.45,-6.449999999999999,0.44364522236589865,-0.15793093665161295
332,2008,Portsmouth,12,41,29,0.41379310344827586,12.45,-0.4499999999999993,0.44364522236589865,-0.029852118917622794
333,2008,Stoke City,9,45,29,0.3103448275862069,12.45,-3.4499999999999993,0.44364522236589865,-0.13330039477969174
334,2008,West Bromwich Albion,19,32,30,0.6333333333333333,12.45,6.550000000000001,0.44364522236589865,0.18968811096743465
335,2008,Chelsea,11,83,29,0.3793103448275862,12.45,-1.4499999999999993,0.44364522236589865,-0.06433487753831246
336,2008,Blackburn Rovers,17,41,28,0.6071428571428571,12.45,4.550000000000001,0.44364522236589865,0.16349763477695844
337,2008,Tottenham Hotspur,10,51,29,0.3448275862068966,12.45,-2.4499999999999993,0.44364522236589865,-0.09881763615900208
338,2008,Manchester United,15,90,33,0.45454545454545453,12.45,2.5500000000000007,0.44364522236589865,0.01090023217955588
339,2008,Arsenal,14,72,28,0.5,12.45,1.5500000000000007,0.44364522236589865,0.05635477763410135
340,2008,Wigan Athletic,12,45,29,0.41379310344827586,12.45,-0.4499999999999993,0.44364522236589865,-0.029852118917622794
341,2008,Hull City,12,35,29,0.41379310344827586,12.45,-0.4499999999999993,0.44364522236589865,-0.029852118917622794
342,2008,Sunderland,11,36,30,0.36666666666666664,12.45,-1.4499999999999993,0.44364522236589865,-0.07697855569923201
343,2008,Manchester City,16,50,34,0.47058823529411764,12.45,3.5500000000000007,0.44364522236589865,0.02694301292821899
344,2008,Middlesbrough,11,32,28,0.39285714285714285,12.45,-1.4499999999999993,0.44364522236589865,-0.0507880795087558
345,2008,Newcastle United,11,34,29,0.3793103448275862,12.45,-1.4499999999999993,0.44364522236589865,-0.06433487753831246
346,2009,Bolton Wanderers,13,39,25,0.52,13.45,-0.4499999999999993,0.4757916074993987,0.04420839250060132
347,2009,Aston Villa,7,64,23,0.30434782608695654,13.45,-6.449999999999999,0.4757916074993987,-0.17144378141244215
348,2009,Everton,13,61,28,0.4642857142857143,13.45,-0.4499999999999993,0.4757916074993987,-0.011505893213684393
349,2009,Liverpool,13,63,29,0.4482758620689655,13.45,-0.4499999999999993,0.4757916074993987,-0.02751574543043317
350,2009,West Ham United,14,35,30,0.4666666666666667,13.45,0.5500000000000007,0.4757916074993987,-0.00912494083273202
351,2009,Burnley,11,30,26,0.4230769230769231,13.45,-2.4499999999999993,0.4757916074993987,-0.05271468442247562
352,2009,Fulham,14,46,29,0.4827586206896552,13.45,0.5500000000000007,0.4757916074993987,0.006967013190256499
353,2009,Birmingham City,9,50,25,0.36,13.45,-4.449999999999999,0.4757916074993987,-0.11579160749939871
354,2009,Manchester City,15,67,31,0.4838709677419355,13.45,1.5500000000000007,0.4757916074993987,0.008079360242536804
355,2009,Blackburn Rovers,17,50,27,0.6296296296296297,13.45,3.5500000000000007,0.4757916074993987,0.15383802213023096
356,2009,Chelsea,11,86,30,0.36666666666666664,13.45,-2.4499999999999993,0.4757916074993987,-0.10912494083273205
357,2009,Stoke City,11,47,23,0.4782608695652174,13.45,-2.4499999999999993,0.4757916074993987,0.0024692620658187114
358,2009,Wigan Athletic,19,36,27,0.7037037037037037,13.45,5.550000000000001,0.4757916074993987,0.22791209620430503
359,2009,Tottenham Hotspur,12,70,30,0.4,13.45,-1.4499999999999993,0.4757916074993987,-0.07579160749939867
360,2009,Arsenal,17,75,30,0.5666666666666667,13.45,3.5500000000000007,0.4757916074993987,0.09087505916726796
361,2009,Hull City,16,30,30,0.5333333333333333,13.45,2.5500000000000007,0.4757916074993987,0.05754172583393463
362,2009,Sunderland,11,44,28,0.39285714285714285,13.45,-2.4499999999999993,0.4757916074993987,-0.08293446464225585
363,2009,Wolverhampton Wanderers,11,38,29,0.3793103448275862,13.45,-2.4499999999999993,0.4757916074993987,-0.0964812626718125
364,2009,Portsmouth,18,28,33,0.5454545454545454,13.45,4.550000000000001,0.4757916074993987,0.06966293795514672
365,2009,Manchester United,17,85,30,0.5666666666666667,13.45,3.5500000000000007,0.4757916074993987,0.09087505916726796
366,2010,Chelsea,13,71,24,0.5416666666666666,13.3,-0.3000000000000007,0.475999578059645,0.06566708860702164
367,2010,Aston Villa,12,48,32,0.375,13.3,-1.3000000000000007,0.475999578059645,-0.10099957805964499
368,2010,Everton,13,54,24,0.5416666666666666,13.3,-0.3000000000000007,0.475999578059645,0.06566708860702164
369,2010,Manchester City,13,71,27,0.48148148148148145,13.3,-0.3000000000000007,0.475999578059645,0.005481903421836465
370,2010,Liverpool,13,58,30,0.43333333333333335,13.3,-0.3000000000000007,0.475999578059645,-0.04266624472631164
371,2010,Birmingham City,9,39,26,0.34615384615384615,13.3,-4.300000000000001,0.475999578059645,-0.12984573190579884
372,2010,West Ham United,18,33,35,0.5142857142857142,13.3,4.699999999999999,0.475999578059645,0.038286136226069245
373,2010,Blackburn Rovers,17,43,29,0.5862068965517241,13.3,3.6999999999999993,0.475999578059645,0.1102073184920791
374,2010,Bolton Wanderers,13,46,24,0.5416666666666666,13.3,-0.3000000000000007,0.475999578059645,0.06566708860702164
375,2010,Wigan Athletic,15,42,25,0.6,13.3,1.6999999999999993,0.475999578059645,0.12400042194035499
376,2010,Manchester United,16,80,29,0.5517241379310345,13.3,2.6999999999999993,0.475999578059645,0.07572455987138949
377,2010,West Bromwich Albion,19,47,28,0.6785714285714286,13.3,5.699999999999999,0.475999578059645,0.2025718505117836
378,2010,Fulham,15,49,29,0.5172413793103449,13.3,1.6999999999999993,0.475999578059645,0.04124180125069987
379,2010,Tottenham Hotspur,11,62,28,0.39285714285714285,13.3,-2.3000000000000007,0.475999578059645,-0.08314243520250214
380,2010,Stoke City,11,46,25,0.44,13.3,-2.3000000000000007,0.475999578059645,-0.03599957805964499
381,2010,Wolverhampton Wanderers,12,40,30,0.4,13.3,-1.3000000000000007,0.475999578059645,-0.07599957805964497
382,2010,Sunderland,10,47,31,0.3225806451612903,13.3,-3.3000000000000007,0.475999578059645,-0.15341893289835468
383,2010,Newcastle United,10,46,30,0.3333333333333333,13.3,-3.3000000000000007,0.475999578059645,-0.14266624472631168
384,2010,Blackpool,11,39,30,0.36666666666666664,13.3,-2.3000000000000007,0.475999578059645,-0.10933291139297835
385,2010,Arsenal,15,68,27,0.5555555555555556,13.3,1.6999999999999993,0.475999578059645,0.07955597749591059
386,2011,Arsenal,17,70,32,0.53125,12.4,4.6,0.44387795027135085,0.08737204972864915
387,2011,Wigan Athletic,15,43,24,0.625,12.4,2.5999999999999996,0.44387795027135085,0.18112204972864915
388,2011,Tottenham Hotspur,10,69,29,0.3448275862068966,12.4,-2.4000000000000004,0.44387795027135085,-0.09905036406445428
389,2011,Everton,16,56,29,0.5517241379310345,12.4,3.5999999999999996,0.44387795027135085,0.10784618765968362
390,2011,Manchester City,12,89,24,0.5,12.4,-0.40000000000000036,0.44387795027135085,0.05612204972864915
391,2011,Newcastle United,12,65,26,0.46153846153846156,12.4,-0.40000000000000036,0.44387795027135085,0.017660511267110712
392,2011,Swansea City,7,47,25,0.28,12.4,-5.4,0.44387795027135085,-0.16387795027135083
393,2011,West Bromwich Albion,13,47,25,0.52,12.4,0.5999999999999996,0.44387795027135085,0.07612204972864917
394,2011,Norwich City,8,47,27,0.2962962962962963,12.4,-4.4,0.44387795027135085,-0.14758165397505457
395,2011,Blackburn Rovers,15,31,31,0.4838709677419355,12.4,2.5999999999999996,0.44387795027135085,0.039993017470584646
396,2011,Chelsea,11,67,29,0.3793103448275862,12.4,-1.4000000000000004,0.44387795027135085,-0.06456760544376466
397,2011,Wolverhampton Wanderers,10,25,32,0.3125,12.4,-2.4000000000000004,0.44387795027135085,-0.13137795027135085
398,2011,Liverpool,10,52,26,0.38461538461538464,12.4,-2.4000000000000004,0.44387795027135085,-0.059262565655966215
399,2011,Queens Park Rangers,14,34,34,0.4117647058823529,12.4,1.5999999999999996,0.44387795027135085,-0.03211324438899793
400,2011,Aston Villa,10,38,27,0.37037037037037035,12.4,-2.4000000000000004,0.44387795027135085,-0.0735075799009805
401,2011,Fulham,18,52,28,0.6428571428571429,12.4,5.6,0.44387795027135085,0.19897919258579205
402,2011,Manchester United,14,89,31,0.45161290322580644,12.4,1.5999999999999996,0.44387795027135085,0.007734952954455587
403,2011,Sunderland,12,45,28,0.42857142857142855,12.4,-0.40000000000000036,0.44387795027135085,-0.015306521699922304
404,2011,Stoke City,10,45,23,0.43478260869565216,12.4,-2.4000000000000004,0.44387795027135085,-0.00909534157569869
405,2011,Bolton Wanderers,14,36,30,0.4666666666666667,12.4,1.5999999999999996,0.44387795027135085,0.022788716395315822
406,2012,West Ham United,14,46,26,0.5384615384615384,12.05,1.9499999999999993,0.4506458209005998,0.08781571756093864
407,2012,Stoke City,8,42,24,0.3333333333333333,12.05,-4.050000000000001,0.4506458209005998,-0.11731248756726648
408,2012,Manchester City,10,78,25,0.4,12.05,-2.0500000000000007,0.4506458209005998,-0.05064582090059977
409,2012,Sunderland,10,39,28,0.35714285714285715,12.05,-2.0500000000000007,0.4506458209005998,-0.09350296375774264
410,2012,Everton,13,63,23,0.5652173913043478,12.05,0.9499999999999993,0.4506458209005998,0.11457157040374799
411,2012,Aston Villa,11,41,28,0.39285714285714285,12.05,-1.0500000000000007,0.4506458209005998,-0.05778867804345694
412,2012,Fulham,20,43,29,0.6896551724137931,12.05,7.949999999999999,0.4506458209005998,0.23900935151319336
413,2012,Chelsea,12,75,26,0.46153846153846156,12.05,-0.05000000000000071,0.4506458209005998,0.010892640637861772
414,2012,Liverpool,10,61,28,0.35714285714285715,12.05,-2.0500000000000007,0.4506458209005998,-0.09350296375774264
415,2012,West Bromwich Albion,14,49,25,0.56,12.05,1.9499999999999993,0.4506458209005998,0.10935417909940026
416,2012,Wigan Athletic,13,36,28,0.4642857142857143,12.05,0.9499999999999993,0.4506458209005998,0.01363989338511451
417,2012,Manchester United,14,89,25,0.56,12.05,1.9499999999999993,0.4506458209005998,0.10935417909940026
418,2012,Tottenham Hotspur,10,72,28,0.35714285714285715,12.05,-2.0500000000000007,0.4506458209005998,-0.09350296375774264
419,2012,Swansea City,9,46,25,0.36,12.05,-3.0500000000000007,0.4506458209005998,-0.0906458209005998
420,2012,Arsenal,11,73,26,0.4230769230769231,12.05,-1.0500000000000007,0.4506458209005998,-0.02756889782367672
421,2012,Newcastle United,11,41,32,0.34375,12.05,-1.0500000000000007,0.4506458209005998,-0.10689582090059979
422,2012,Queens Park Rangers,16,25,30,0.5333333333333333,12.05,3.9499999999999993,0.4506458209005998,0.08268751243273353
423,2012,Reading,12,28,28,0.42857142857142855,12.05,-0.05000000000000071,0.4506458209005998,-0.022074392329171244
424,2012,Norwich City,11,44,27,0.4074074074074074,12.05,-1.0500000000000007,0.4506458209005998,-0.04323841349319241
425,2012,Southampton,12,41,25,0.48,12.05,-0.05000000000000071,0.4506458209005998,0.02935417909940019
426,2013,Liverpool,11,84,25,0.44,12.4,-1.4000000000000004,0.4410011812216405,-0.0010011812216405014
427,2013,Aston Villa,14,38,26,0.5384615384615384,12.4,1.5999999999999996,0.4410011812216405,0.09746035723989793
428,2013,Norwich City,9,33,25,0.36,12.4,-3.4000000000000004,0.4410011812216405,-0.08100118122164052
429,2013,Arsenal,10,76,27,0.37037037037037035,12.4,-2.4000000000000004,0.4410011812216405,-0.07063081085127015
430,2013,Cardiff City,11,30,32,0.34375,12.4,-1.4000000000000004,0.4410011812216405,-0.0972511812216405
431,2013,Manchester United,14,64,30,0.4666666666666667,12.4,1.5999999999999996,0.4410011812216405,0.02566548544502617
432,2013,Crystal Palace,14,45,32,0.4375,12.4,1.5999999999999996,0.4410011812216405,-0.0035011812216405036
433,2013,Tottenham Hotspur,12,69,28,0.42857142857142855,12.4,-0.40000000000000036,0.4410011812216405,-0.012429752650211956
434,2013,Everton,11,72,28,0.39285714285714285,12.4,-1.4000000000000004,0.4410011812216405,-0.048144038364497654
435,2013,Newcastle United,10,49,26,0.38461538461538464,12.4,-2.4000000000000004,0.4410011812216405,-0.05638579660625587
436,2013,Chelsea,14,82,29,0.4827586206896552,12.4,1.5999999999999996,0.4410011812216405,0.04175743946801469
437,2013,Stoke City,14,50,26,0.5384615384615384,12.4,1.5999999999999996,0.4410011812216405,0.09746035723989793
438,2013,Manchester City,11,86,23,0.4782608695652174,12.4,-1.4000000000000004,0.4410011812216405,0.0372596883435769
439,2013,Southampton,13,56,24,0.5416666666666666,12.4,0.5999999999999996,0.4410011812216405,0.10066548544502613
440,2013,Sunderland,13,38,31,0.41935483870967744,12.4,0.5999999999999996,0.4410011812216405,-0.021646342511963068
441,2013,Swansea City,7,42,27,0.25925925925925924,12.4,-5.4,0.4410011812216405,-0.18174192196238126
442,2013,Hull City,11,37,27,0.4074074074074074,12.4,-1.4000000000000004,0.4410011812216405,-0.03359377381423312
443,2013,West Bromwich Albion,14,36,28,0.5,12.4,1.5999999999999996,0.4410011812216405,0.058998818778359496
444,2013,West Ham United,15,40,29,0.5172413793103449,12.4,2.5999999999999996,0.4410011812216405,0.07624019808870436
445,2013,Fulham,20,32,39,0.5128205128205128,12.4,7.6,0.4410011812216405,0.07181933159887227
446,2014,Burnley,8,33,24,0.3333333333333333,12.25,-4.25,0.45089250500457406,-0.11755917167124075
447,2014,West Ham United,12,47,26,0.46153846153846156,12.25,-0.25,0.45089250500457406,0.010645956533887502
448,2014,Manchester United,10,70,33,0.30303030303030304,12.25,-2.25,0.45089250500457406,-0.14786220197427102
449,2014,Swansea City,15,56,27,0.5555555555555556,12.25,2.75,0.45089250500457406,0.10466305055098152
450,2014,Manchester City,10,79,24,0.4166666666666667,12.25,-2.25,0.45089250500457406,-0.03422583833790738
451,2014,Liverpool,13,62,25,0.52,12.25,0.75,0.45089250500457406,0.06910749499542596
452,2014,Crystal Palace,13,48,30,0.43333333333333335,12.25,0.75,0.45089250500457406,-0.017559171671240714
453,2014,Queens Park Rangers,12,30,32,0.375,12.25,-0.25,0.45089250500457406,-0.07589250500457406
454,2014,Stoke City,13,54,25,0.52,12.25,0.75,0.45089250500457406,0.06910749499542596
455,2014,Tottenham Hotspur,12,64,27,0.4444444444444444,12.25,-0.25,0.45089250500457406,-0.006448060560129643
456,2014,Aston Villa,13,38,27,0.48148148148148145,12.25,0.75,0.45089250500457406,0.030588976476907392
457,2014,Everton,14,47,28,0.5,12.25,1.75,0.45089250500457406,0.04910749499542594
458,2014,Chelsea,11,87,25,0.44,12.25,-1.25,0.45089250500457406,-0.01089250500457406
459,2014,Newcastle United,11,39,27,0.4074074074074074,12.25,-1.25,0.45089250500457406,-0.04348509759716668
460,2014,Southampton,14,60,29,0.4827586206896552,12.25,1.75,0.45089250500457406,0.03186611568508113
461,2014,Sunderland,12,38,25,0.48,12.25,-0.25,0.45089250500457406,0.02910749499542592
462,2014,West Bromwich Albion,13,44,26,0.5,12.25,0.75,0.45089250500457406,0.04910749499542594
463,2014,Hull City,13,35,29,0.4482758620689655,12.25,0.75,0.45089250500457406,-0.0026166429356085374
464,2014,Leicester City,15,41,28,0.5357142857142857,12.25,2.75,0.45089250500457406,0.08482178070971164
465,2014,Arsenal,11,75,29,0.3793103448275862,12.25,-1.25,0.45089250500457406,-0.07158216017698787
466,2015,Leicester City,15,81,23,0.6521739130434783,12.4,2.5999999999999996,0.44760674636176684,0.20456716668171143
467,2015,Watford,17,45,25,0.68,12.4,4.6,0.44760674636176684,0.2323932536382332
468,2015,Tottenham Hotspur,10,70,24,0.4166666666666667,12.4,-2.4000000000000004,0.44760674636176684,-0.030940079695100153
469,2015,Swansea City,15,47,27,0.5555555555555556,12.4,2.5999999999999996,0.44760674636176684,0.10794880919378874
470,2015,Manchester City,9,66,25,0.36,12.4,-3.4000000000000004,0.44760674636176684,-0.08760674636176685
471,2015,Arsenal,12,71,25,0.48,12.4,-0.40000000000000036,0.44760674636176684,0.032393253638233144
472,2015,Manchester United,11,66,33,0.3333333333333333,12.4,-1.4000000000000004,0.44760674636176684,-0.11427341302843352
473,2015,Liverpool,11,60,34,0.3235294117647059,12.4,-1.4000000000000004,0.44760674636176684,-0.12407733459706094
474,2015,Bournemouth,8,42,28,0.2857142857142857,12.4,-4.4,0.44760674636176684,-0.16189246064748114
475,2015,West Ham United,13,62,28,0.4642857142857143,12.4,0.5999999999999996,0.44760674636176684,0.016678967923947463
476,2015,Stoke City,13,51,27,0.48148148148148145,12.4,0.5999999999999996,0.44760674636176684,0.033874735119714616
477,2015,Crystal Palace,15,42,30,0.5,12.4,2.5999999999999996,0.44760674636176684,0.05239325363823316
478,2015,Aston Villa,14,17,29,0.4827586206896552,12.4,1.5999999999999996,0.44760674636176684,0.035151874327888355
479,2015,Norwich City,10,34,28,0.35714285714285715,12.4,-2.4000000000000004,0.44760674636176684,-0.09046388921890969
480,2015,Everton,12,47,31,0.3870967741935484,12.4,-0.40000000000000036,0.44760674636176684,-0.06050997216821846
481,2015,West Bromwich Albion,11,43,28,0.39285714285714285,12.4,-1.4000000000000004,0.44760674636176684,-0.05474960350462399
482,2015,Chelsea,12,50,28,0.42857142857142855,12.4,-0.40000000000000036,0.44760674636176684,-0.01903531779033829
483,2015,Newcastle United,12,37,31,0.3870967741935484,12.4,-0.40000000000000036,0.44760674636176684,-0.06050997216821846
484,2015,Sunderland,15,39,31,0.4838709677419355,12.4,2.5999999999999996,0.44760674636176684,0.03626422138016866
485,2015,Southampton,13,63,26,0.5,12.4,0.5999999999999996,0.44760674636176684,0.05239325363823316
486,2016,Southampton,13,46,26,0.5,12.1,0.9000000000000004,0.44443225758969096,0.05556774241030904
487,2016,West Bromwich Albion,10,45,23,0.43478260869565216,12.1,-2.0999999999999996,0.44443225758969096,-0.009649648894038798
488,2016,Watford,18,40,33,0.5454545454545454,12.1,5.9,0.44443225758969096,0.10102228786485445
489,2016,Swansea City,13,41,27,0.48148148148148145,12.1,0.9000000000000004,0.44443225758969096,0.037049223891790495
490,2016,Chelsea,9,93,24,0.375,12.1,-3.0999999999999996,0.44443225758969096,-0.06943225758969096
491,2016,Bournemouth,8,46,27,0.2962962962962963,12.1,-4.1,0.44443225758969096,-0.14813596129339468
492,2016,Manchester United,13,69,31,0.41935483870967744,12.1,0.9000000000000004,0.44443225758969096,-0.025077418880013524
493,2016,Burnley,8,40,27,0.2962962962962963,12.1,-4.1,0.44443225758969096,-0.14813596129339468
494,2016,Arsenal,13,75,29,0.4482758620689655,12.1,0.9000000000000004,0.44443225758969096,0.003843604479274565
495,2016,Tottenham Hotspur,10,86,24,0.4166666666666667,12.1,-2.0999999999999996,0.44443225758969096,-0.027765590923024275
496,2016,Leicester City,14,44,25,0.56,12.1,1.9000000000000004,0.44443225758969096,0.1155677424103091
497,2016,Sunderland,16,24,31,0.5161290322580645,12.1,3.9000000000000004,0.44443225758969096,0.07169677466837354
498,2016,Crystal Palace,11,41,31,0.3548387096774194,12.1,-1.0999999999999996,0.44443225758969096,-0.08959354791227159
499,2016,Stoke City,14,44,26,0.5384615384615384,12.1,1.9000000000000004,0.44443225758969096,0.09402928087184748
500,2016,Liverpool,10,76,23,0.43478260869565216,12.1,-2.0999999999999996,0.44443225758969096,-0.009649648894038798
501,2016,Middlesbrough,12,28,27,0.4444444444444444,12.1,-0.09999999999999964,0.44443225758969096,1.218685475345982e-05
502,2016,Hull City,13,34,28,0.4642857142857143,12.1,0.9000000000000004,0.44443225758969096,0.01985345669602334
503,2016,West Ham United,16,45,29,0.5517241379310345,12.1,3.9000000000000004,0.44443225758969096,0.10729188034134352
504,2016,Manchester City,11,78,25,0.44,12.1,-1.0999999999999996,0.44443225758969096,-0.004432257589690958
505,2016,Everton,10,61,27,0.37037037037037035,12.1,-2.0999999999999996,0.44443225758969096,-0.07406188721932061
506,2017,Brighton & Hove Albion,14,40,24,0.5833333333333334,12.35,1.6500000000000004,0.4652152815256264,0.11811805180770696
507,2017,Everton,14,49,30,0.4666666666666667,12.35,1.6500000000000004,0.4652152815256264,0.0014513851410402623
508,2017,Bournemouth,7,44,22,0.3181818181818182,12.35,-5.35,0.4652152815256264,-0.14703346334380824
509,2017,Swansea City,12,33,26,0.46153846153846156,12.35,-0.34999999999999964,0.4652152815256264,-0.0036768199871648477
510,2017,Huddersfield Town,11,37,25,0.44,12.35,-1.3499999999999996,0.4652152815256264,-0.02521528152562641
511,2017,Manchester United,13,81,27,0.48148148148148145,12.35,0.6500000000000004,0.4652152815256264,0.016266199955855043
512,2017,West Bromwich Albion,11,31,24,0.4583333333333333,12.35,-1.3499999999999996,0.4652152815256264,-0.006881948192293097
513,2017,Tottenham Hotspur,12,77,25,0.48,12.35,-0.34999999999999964,0.4652152815256264,0.01478471847437357
514,2017,Manchester City,11,100,25,0.44,12.35,-1.3499999999999996,0.4652152815256264,-0.02521528152562641
515,2017,Chelsea,10,70,26,0.38461538461538464,12.35,-2.3499999999999996,0.4652152815256264,-0.08059989691024178
516,2017,Stoke City,14,33,30,0.4666666666666667,12.35,1.6500000000000004,0.4652152815256264,0.0014513851410402623
517,2017,Burnley,9,54,24,0.375,12.35,-3.3499999999999996,0.4652152815256264,-0.09021528152562641
518,2017,Arsenal,14,63,30,0.4666666666666667,12.35,1.6500000000000004,0.4652152815256264,0.0014513851410402623
519,2017,Leicester City,12,47,27,0.4444444444444444,12.35,-0.34999999999999964,0.4652152815256264,-0.020770837081181992
520,2017,Crystal Palace,13,44,28,0.4642857142857143,12.35,0.6500000000000004,0.4652152815256264,-0.0009295672399121102
521,2017,Watford,16,41,29,0.5517241379310345,12.35,3.6500000000000004,0.4652152815256264,0.08650885640540806
522,2017,Southampton,15,36,26,0.5769230769230769,12.35,2.6500000000000004,0.4652152815256264,0.11170779539745046
523,2017,Liverpool,12,75,27,0.4444444444444444,12.35,-0.34999999999999964,0.4652152815256264,-0.020770837081181992
524,2017,West Ham United,13,42,27,0.48148148148148145,12.35,0.6500000000000004,0.4652152815256264,0.016266199955855043
525,2017,Newcastle United,14,44,27,0.5185185185185185,12.35,1.6500000000000004,0.4652152815256264,0.05330323699289208
