,squad,pens_made,fouls,assists,players_used,goals,games,cards_yellow,shots_on_target,cards_red,pens_att,games_starts_gk,minutes_gk,games_subs_gk,keepers_used_gk,games_gk,season,losses,wins,goals_against,shots_on_target_against,draws,clean_sheets
0,Arsenal,0,,34,28,40,42,34,179,1,0,42,3880,1,2,43,1992,16,15,38,201,11,16
1,Aston Villa,2,,41,23,56,42,23,217,0,3,42,3780,0,2,42,1992,10,21,40,189,11,15
2,Blackburn Rovers,3,,52,23,66,42,38,230,3,4,42,3780,0,1,42,1992,11,20,46,184,11,19
3,Chelsea,1,,40,29,50,42,38,195,2,1,42,3780,1,4,43,1992,14,14,54,210,14,11
4,Coventry City,2,,27,28,48,42,32,168,1,3,42,3780,0,2,42,1992,16,13,57,191,13,11
5,Crystal Palace,0,,30,23,45,42,25,160,3,1,42,3780,0,1,42,1992,15,11,61,201,16,11
6,Everton,4,,33,25,51,42,26,195,3,4,42,3780,3,2,45,1992,19,15,55,196,8,11
7,Ipswich Town,4,,29,22,50,42,31,167,1,5,42,3780,1,3,43,1992,14,12,55,188,16,12
8,Leeds United,5,,35,29,55,42,41,203,0,5,42,3780,0,3,42,1992,15,12,62,185,15,11
9,Liverpool,8,,45,25,61,42,26,211,3,9,42,3790,1,3,43,1992,15,16,55,191,11,12
10,Manchester City,3,,42,23,53,42,44,227,1,4,42,3780,1,3,43,1992,16,15,51,188,13,11
11,Manchester United,2,,35,20,66,42,29,191,0,2,42,3780,0,1,42,1992,6,24,31,142,12,18
12,Middlesbrough,1,,39,26,49,42,43,182,2,2,42,3659,2,4,44,1992,20,11,75,219,11,8
13,Norwich City,3,,43,19,58,42,18,193,0,4,42,3780,0,1,42,1992,12,21,65,206,9,11
14,Nottingham Forest,4,,30,23,41,42,27,176,1,5,42,3780,0,2,42,1992,22,10,62,208,10,9
15,Oldham Athletic,1,,42,20,61,42,36,202,0,2,42,3780,0,3,42,1992,19,13,74,208,10,3
16,Queens Park Rangers,3,,45,19,61,42,27,212,0,4,42,3770,1,2,43,1992,13,17,55,192,12,8
17,Sheffield United,1,,36,21,50,42,45,209,3,2,42,3820,1,2,43,1992,18,14,53,201,10,11
18,Sheffield Wednesday,3,,40,24,54,42,30,216,1,3,42,3780,0,2,42,1992,13,15,51,178,15,9
19,Southampton,2,,38,18,54,42,49,205,3,2,42,3780,0,1,42,1992,18,13,61,212,11,10
20,Tottenham Hotspur,0,,33,24,38,42,34,149,1,0,42,3720,2,2,44,1992,15,16,66,186,11,10
21,Wimbledon,2,,40,22,54,42,49,198,3,3,42,3780,0,2,42,1992,16,14,55,188,12,13
22,Arsenal,4,,27,20,50,42,30,224,1,5,42,3780,1,2,43,1993,7,18,28,148,17,21
23,Aston Villa,3,,28,24,45,42,21,166,1,3,42,3850,2,2,44,1993,15,15,50,175,12,15
24,Blackburn Rovers,3,,42,21,63,42,28,245,0,4,54,4860,0,2,54,1993,16,27,59,253,11,18
25,Chelsea,3,,28,26,51,42,30,178,2,5,42,3780,0,2,42,1993,17,13,53,192,12,11
26,Coventry City,3,,25,26,43,42,13,196,0,5,42,3780,0,2,42,1993,14,14,45,198,14,14
27,Everton,3,,23,21,43,42,35,183,0,4,42,3780,0,1,42,1993,22,12,63,226,8,10
28,Ipswich Town,2,,19,19,31,42,21,177,0,3,42,3780,0,2,42,1993,17,9,58,247,16,14
29,Leeds United,1,,38,23,63,42,34,199,0,2,42,3780,0,2,42,1993,8,18,39,186,16,18
30,Liverpool,5,,35,22,54,42,30,219,1,7,42,3750,1,2,43,1993,16,17,55,191,9,9
31,Manchester City,1,,15,29,35,42,24,136,0,2,42,3780,0,2,42,1993,15,9,49,201,18,13
32,Manchester United,3,,55,24,79,42,31,248,2,3,48,4410,1,2,49,1993,7,31,47,187,12,17
33,Newcastle United,9,,50,23,80,42,18,227,1,10,42,3818,1,3,43,1993,11,24,41,200,8,15
34,Norwich City,1,,39,21,64,42,24,184,2,1,42,3780,1,2,43,1993,13,12,61,204,17,10
35,Oldham Athletic,1,,25,24,40,42,30,166,4,2,36,3330,1,3,37,1993,17,7,59,187,12,6
36,Queens Park Rangers,5,,37,21,60,42,28,186,3,6,42,3780,0,2,42,1993,14,16,61,196,12,10
37,Sheffield United,0,,26,25,41,42,38,177,4,0,42,3940,3,2,45,1993,9,8,60,192,18,13
38,Sheffield Wednesday,2,,47,24,71,42,23,229,2,3,42,3780,0,2,42,1993,10,16,54,194,16,10
39,Southampton,7,,30,25,50,42,39,204,1,7,30,2700,0,2,30,1993,15,10,43,144,5,6
40,Swindon Town,7,,28,24,45,42,38,189,1,8,40,3700,3,3,43,1993,21,5,93,239,15,4
41,Tottenham Hotspur,2,,31,26,53,42,25,195,1,4,42,3780,1,2,43,1993,19,11,59,172,12,9
42,West Ham United,2,,29,20,44,42,19,169,0,3,42,3780,0,1,42,1993,16,13,58,193,13,8
43,Wimbledon,1,,28,22,49,42,35,197,0,2,42,3780,1,2,43,1993,13,18,53,169,11,12
44,Arsenal,3,,41,30,54,42,59,201,4,4,42,3780,0,2,42,1994,17,13,49,190,12,13
45,Aston Villa,1,,39,23,48,42,52,175,3,1,42,3780,1,2,43,1994,16,11,56,197,15,11
46,Blackburn Rovers,10,,58,19,78,42,49,264,4,12,42,3790,1,2,43,1994,7,27,39,165,8,16
47,Chelsea,1,,39,23,47,42,58,191,3,2,42,3780,0,2,42,1994,14,13,55,214,15,13
48,Coventry City,5,,36,27,42,42,63,204,2,5,42,3780,0,3,42,1994,16,12,62,213,14,13
49,Crystal Palace,1,,22,22,33,42,50,132,1,3,42,3780,1,2,43,1994,19,11,49,196,12,14
50,Everton,1,,39,24,43,42,54,186,6,3,42,3780,0,2,42,1994,14,11,51,232,17,14
51,Ipswich Town,3,,21,27,27,42,37,137,2,3,42,3780,0,3,42,1994,29,7,93,285,6,3
52,Leeds United,3,,46,20,56,42,57,223,0,4,42,3780,0,1,42,1994,9,20,38,198,13,17
53,Leicester City,0,,27,28,46,42,58,159,8,1,42,3780,0,2,42,1994,25,6,80,245,11,4
54,Liverpool,5,,46,20,60,42,42,228,1,6,42,3780,0,1,42,1994,10,21,37,170,11,16
55,Manchester City,1,,46,26,53,42,50,195,4,2,42,3780,1,3,43,1994,17,12,64,224,13,10
56,Manchester United,4,,58,23,76,42,59,198,2,4,42,3780,0,2,42,1994,6,26,28,160,10,24
57,Newcastle United,4,,54,22,66,42,51,172,4,5,42,3730,2,2,44,1994,10,20,47,185,12,14
58,Norwich City,2,,27,24,31,42,61,145,1,3,42,3780,0,3,42,1994,18,10,53,194,13,10
59,Nottingham Forest,5,,68,20,71,42,58,210,1,6,42,3780,0,1,42,1994,9,22,43,169,11,13
60,Queens Park Rangers,0,,47,22,60,42,63,206,4,1,42,3780,0,2,42,1994,16,17,59,194,9,10
61,Sheffield Wednesday,1,,34,25,48,42,52,158,3,2,42,3750,1,2,43,1994,17,13,57,195,12,12
62,Southampton,3,,36,24,61,42,64,175,0,3,42,3870,1,2,43,1994,12,12,63,222,18,9
63,Tottenham Hotspur,2,,49,24,62,42,44,199,2,3,42,3780,0,2,42,1994,12,16,58,181,14,11
64,West Ham United,5,,32,24,44,42,63,184,4,5,42,3780,0,1,42,1994,18,13,48,192,11,13
65,Wimbledon,3,,34,23,40,42,56,171,5,4,42,3780,0,2,42,1994,16,15,65,211,11,12
66,Arsenal,3,,35,23,49,38,61,200,2,5,38,3420,0,1,38,1995,9,17,32,157,12,16
67,Aston Villa,2,,37,22,49,38,46,173,2,2,38,3420,2,2,40,1995,11,19,35,153,8,13
68,Blackburn Rovers,3,,45,25,60,38,70,220,5,3,38,3420,1,2,39,1995,13,18,47,161,7,10
69,Bolton Wanderers,3,,27,23,39,38,64,166,2,3,38,3420,0,3,38,1995,25,8,71,216,5,4
70,Chelsea,3,,34,22,45,38,74,174,2,4,38,3420,0,2,38,1995,12,12,44,172,14,12
71,Coventry City,1,,31,26,42,38,60,183,2,2,38,3420,0,2,38,1995,16,8,60,205,14,10
72,Everton,4,,45,23,63,38,67,189,3,4,38,3420,0,1,38,1995,11,17,44,169,10,15
73,Leeds United,2,,28,28,38,38,57,186,5,3,38,3446,4,4,42,1995,20,12,58,202,7,10
74,Liverpool,1,,54,18,68,38,40,242,0,1,38,3420,0,1,38,1995,7,20,34,166,11,16
75,Manchester City,1,,26,24,33,38,57,166,6,2,38,3420,0,1,38,1995,18,9,58,203,11,8
76,Manchester United,4,,62,21,72,38,52,215,3,4,38,3420,1,2,39,1995,6,25,35,154,7,18
77,Middlesbrough,3,,27,28,34,38,68,153,3,4,38,3420,0,2,38,1995,17,11,50,187,10,10
78,Newcastle United,3,,54,18,68,38,50,215,0,4,37,3320,1,2,38,1995,8,24,37,160,6,13
79,Nottingham Forest,3,,35,19,48,38,46,183,2,3,38,3420,0,1,38,1995,10,15,54,173,13,8
80,Queens Park Rangers,0,,33,25,37,38,70,152,4,1,38,3420,0,2,38,1995,23,9,57,208,6,5
81,Sheffield Wednesday,4,,37,25,48,38,29,184,2,4,38,3420,1,3,39,1995,18,10,61,208,10,6
82,Southampton,4,,21,23,33,38,61,152,2,4,38,3420,0,2,38,1995,18,9,52,192,11,10
83,Tottenham Hotspur,2,,38,21,47,38,55,181,0,2,38,3420,0,1,38,1995,9,16,38,164,13,11
84,West Ham United,5,,29,27,43,38,51,195,4,6,38,3434,1,4,39,1995,15,14,52,171,9,11
85,Wimbledon,2,,39,29,54,38,63,184,8,2,38,3420,2,5,40,1995,17,10,70,222,11,6
86,Arsenal,8,,36,20,59,38,67,239,3,8,38,3420,0,3,38,1996,8,19,32,156,11,16
87,Aston Villa,4,,32,18,46,38,50,217,0,5,38,3420,0,2,38,1996,12,17,34,163,10,15
88,Blackburn Rovers,2,,36,22,42,38,68,166,1,3,38,3420,0,2,38,1996,14,9,43,183,15,11
89,Chelsea,4,,47,24,56,38,80,215,1,5,36,3510,3,4,39,1996,11,16,56,202,10,9
90,Coventry City,3,,29,19,36,38,62,183,4,3,38,3420,0,1,38,1996,15,9,54,216,14,9
91,Derby County,3,,34,23,42,38,60,194,1,4,38,3442,1,3,39,1996,13,11,55,199,14,8
92,Everton,4,,36,22,45,38,60,211,2,6,38,3485,1,2,39,1996,16,10,57,198,12,10
93,Leeds United,0,,22,23,27,38,85,168,1,1,38,3420,0,2,38,1996,14,11,38,181,13,20
94,Leicester City,3,,29,22,44,38,67,193,1,6,38,3420,0,2,38,1996,15,12,54,203,11,9
95,Liverpool,2,,48,17,58,38,45,231,1,3,38,3420,0,1,38,1996,8,19,37,198,11,12
96,Manchester United,4,,47,19,70,38,71,239,1,6,38,3420,0,2,38,1996,5,21,44,175,12,15
97,Middlesbrough,5,,29,23,50,38,87,269,3,8,38,3460,1,4,39,1996,16,10,60,225,12,6
98,Newcastle United,5,,48,17,72,38,67,257,1,7,38,3420,0,2,38,1996,8,19,40,188,11,12
99,Nottingham Forest,2,,22,25,31,38,70,185,0,3,42,3780,0,4,42,1996,17,6,67,225,19,9
100,Sheffield Wednesday,2,,29,20,50,38,56,181,2,4,38,3420,0,1,38,1996,9,14,51,216,15,10
101,Southampton,6,,37,27,47,38,73,201,4,7,39,3584,1,4,40,1996,17,11,57,218,12,11
102,Sunderland,4,,22,19,32,38,43,167,5,6,38,3488,1,2,39,1996,18,10,53,212,10,11
103,Tottenham Hotspur,2,,32,22,43,38,68,191,1,3,38,3510,1,2,39,1996,18,13,51,214,7,13
104,West Ham United,5,,35,26,40,38,78,219,3,6,38,3465,1,3,39,1996,16,10,48,211,12,10
105,Wimbledon,0,,36,22,48,38,51,209,1,1,38,3480,1,2,39,1996,12,15,46,212,11,11
106,Arsenal,5,,56,21,66,38,72,249,4,6,38,3420,0,2,38,1997,6,23,33,134,9,19
107,Aston Villa,3,,39,18,49,38,45,207,2,4,38,3420,0,2,38,1997,15,17,48,163,6,9
108,Barnsley,3,,18,21,37,38,62,155,5,5,38,3484,1,2,39,1997,23,10,82,284,5,5
109,Blackburn Rovers,2,,54,19,55,38,56,230,4,2,48,4320,0,4,48,1997,17,18,71,245,11,15
110,Bolton Wanderers,3,,33,24,41,38,70,233,5,3,38,3472,2,2,40,1997,16,9,61,217,13,10
111,Chelsea,6,,66,25,67,38,67,224,3,6,38,3420,0,2,38,1997,15,20,43,168,3,14
112,Coventry City,5,,32,20,46,38,69,197,5,7,39,3510,0,2,39,1997,10,12,44,192,16,13
113,Crystal Palace,1,,27,24,35,38,66,143,3,2,38,3420,0,1,38,1997,21,8,71,250,9,6
114,Derby County,5,,36,23,52,38,77,224,2,6,38,3420,0,2,38,1997,15,16,49,138,7,13
115,Everton,0,,30,30,38,38,75,164,4,0,38,3420,0,3,38,1997,16,9,56,197,13,10
116,Leeds United,1,,43,19,52,38,76,200,5,2,38,3420,0,2,38,1997,14,17,57,176,8,11
117,Leicester City,4,,40,20,51,38,43,180,2,4,38,3420,0,2,38,1997,11,13,41,194,14,15
118,Liverpool,4,,57,22,68,38,52,245,2,5,38,3420,0,2,38,1997,9,18,42,158,11,13
119,Manchester United,3,,57,23,68,38,61,222,1,6,39,3510,0,3,39,1997,7,23,26,138,8,20
120,Newcastle United,1,,25,24,35,38,60,185,3,2,39,3510,0,3,39,1997,16,11,44,154,11,9
121,Sheffield Wednesday,3,,44,25,51,38,71,199,5,3,38,3484,1,2,39,1997,18,12,67,205,8,8
122,Southampton,5,,37,24,48,38,58,169,4,5,38,3420,0,1,38,1997,18,14,55,194,6,8
123,Tottenham Hotspur,0,,39,25,44,38,56,208,2,2,38,3420,0,2,38,1997,16,11,56,194,11,10
124,West Ham United,1,,42,23,53,38,60,226,5,1,38,3420,0,3,38,1997,14,16,57,199,8,8
125,Wimbledon,1,,29,21,32,38,48,175,2,1,38,3420,0,1,38,1997,14,10,46,182,14,13
126,Arsenal,2,,42,25,58,38,71,247,7,4,38,3420,0,2,38,1998,4,22,17,124,12,23
127,Aston Villa,2,,32,23,50,38,65,144,4,4,38,3420,1,3,39,1998,13,15,46,204,10,15
128,Blackburn Rovers,2,,28,29,34,38,76,177,5,4,40,3600,1,4,41,1998,17,8,52,196,15,12
129,Charlton Athletic,4,,24,27,39,38,61,161,3,6,38,3284,3,3,41,1998,18,8,56,178,12,11
130,Chelsea,3,,38,26,56,38,90,211,4,4,37,3330,1,3,38,1998,3,20,30,136,15,15
131,Coventry City,2,,26,27,39,38,73,196,1,2,38,3420,0,2,38,1998,18,11,51,202,9,7
132,Derby County,4,,26,25,40,38,84,152,2,6,38,3450,2,2,40,1998,12,13,45,193,13,12
133,Everton,3,,28,30,44,38,99,175,5,6,38,3420,0,1,38,1998,17,11,47,177,10,14
134,Leeds United,2,,38,24,61,38,81,215,1,3,38,3420,1,2,39,1998,7,18,34,207,13,15
135,Leicester City,2,,32,24,40,38,55,174,1,3,38,3420,2,2,40,1998,13,12,46,198,13,14
136,Liverpool,7,,43,24,68,38,64,223,2,7,38,3420,0,2,38,1998,14,15,49,181,9,8
137,Manchester United,2,,62,23,78,38,58,248,3,4,38,3420,1,2,39,1998,3,22,37,146,13,13
138,Middlesbrough,1,,30,28,47,38,81,214,2,1,38,3420,1,3,39,1998,11,12,54,258,15,13
139,Newcastle United,6,,26,29,47,38,54,197,4,7,38,3420,1,2,39,1998,14,11,54,161,13,5
140,Nottingham Forest,2,,23,31,35,38,89,151,6,2,38,3420,0,2,38,1998,22,7,69,225,9,6
141,Sheffield Wednesday,1,,29,26,39,38,48,145,4,2,38,3440,1,2,39,1998,18,13,42,192,7,12
142,Southampton,1,,27,27,35,38,70,163,3,1,39,3478,3,3,42,1998,19,11,64,208,8,9
143,Tottenham Hotspur,2,,33,26,48,38,67,200,6,3,38,3420,0,3,38,1998,13,11,50,179,15,12
144,West Ham United,1,,32,27,48,38,78,191,6,1,38,3453,1,2,39,1998,13,16,53,256,9,16
145,Wimbledon,1,,33,23,40,38,60,148,1,1,38,3420,0,1,38,1998,16,10,63,258,12,7
146,Arsenal,3,517.0,49,24,71,38,67,282,5,5,38,3420,1,2,39,1999,9,22,43,126,7,10
147,Aston Villa,3,538.0,41,24,48,38,65,160,1,5,38,3420,2,3,40,1999,10,15,35,135,13,15
148,Bradford City,5,519.0,21,25,37,38,54,150,1,5,38,3420,1,4,39,1999,20,9,68,240,9,7
149,Chelsea,1,622.0,45,27,48,38,64,197,5,1,38,3420,0,2,38,1999,9,18,34,132,11,17
150,Coventry City,5,467.0,32,27,46,38,53,181,2,5,38,3420,0,2,38,1999,18,12,54,213,8,9
151,Derby County,2,550.0,28,29,42,38,84,160,4,4,38,3420,0,2,38,1999,18,9,57,196,11,11
152,Everton,6,614.0,48,28,58,38,67,175,6,7,38,3420,1,3,39,1999,12,12,49,206,14,11
153,Leeds United,4,613.0,36,20,57,38,75,221,3,6,38,3420,0,1,38,1999,6,21,43,189,11,13
154,Leicester City,3,398.0,34,24,53,38,41,138,2,3,38,3420,2,2,40,1999,15,16,55,179,7,7
155,Liverpool,3,511.0,30,23,50,38,59,219,4,5,38,3420,0,2,38,1999,9,19,30,129,10,15
156,Manchester United,3,409.0,69,29,94,38,41,254,4,5,38,3421,4,4,42,1999,3,28,45,156,7,10
157,Middlesbrough,6,583.0,26,27,44,38,79,176,3,9,38,3420,0,2,38,1999,14,14,49,234,10,9
158,Newcastle United,6,539.0,43,32,60,38,49,195,3,6,38,3420,0,4,38,1999,14,14,54,150,10,11
159,Sheffield Wednesday,3,439.0,24,23,34,38,42,157,1,4,38,3420,1,2,39,1999,23,8,70,232,7,7
160,Southampton,1,522.0,32,28,42,38,59,189,5,1,38,3448,5,3,43,1999,18,12,62,212,8,11
161,Sunderland,6,606.0,39,25,57,38,76,185,4,8,38,3420,0,2,38,1999,12,16,56,191,10,9
162,Tottenham Hotspur,1,533.0,40,27,55,38,84,207,1,1,38,3420,0,1,38,1999,15,15,49,163,8,8
163,Watford,2,557.0,28,31,35,38,71,173,4,2,38,3420,0,2,38,1999,26,6,77,220,6,5
164,West Ham United,2,558.0,42,26,51,38,70,220,8,2,39,3483,2,5,41,1999,13,15,53,193,10,10
165,Wimbledon,1,508.0,33,26,44,38,52,146,4,1,38,3420,0,2,38,1999,19,7,74,256,12,5
166,Arsenal,1,509.0,52,26,62,38,46,267,3,2,38,3420,0,3,38,2000,8,20,38,133,10,17
167,Aston Villa,1,540.0,35,22,46,38,62,166,3,1,38,3420,0,1,38,2000,10,13,43,166,15,9
168,Bradford City,3,487.0,17,27,26,38,46,123,1,5,41,3583,0,3,41,2000,22,6,73,275,13,6
169,Charlton Athletic,3,451.0,33,27,47,38,44,216,3,3,38,3420,1,3,39,2000,14,14,58,195,10,14
170,Chelsea,4,528.0,49,26,67,38,75,220,2,4,38,3420,1,2,39,2000,11,17,45,150,10,10
171,Coventry City,3,518.0,22,26,33,38,75,160,4,3,38,3420,1,3,39,2000,20,8,63,220,10,6
172,Derby County,2,553.0,24,29,36,38,79,145,3,3,38,3420,1,2,39,2000,16,10,61,219,12,13
173,Everton,5,617.0,28,31,45,38,75,189,4,7,38,3420,1,3,39,2000,18,11,59,172,9,7
174,Ipswich Town,3,461.0,39,23,56,38,34,205,2,3,38,3420,0,2,38,2000,12,20,42,157,6,13
175,Leeds United,3,596.0,44,24,63,38,71,229,3,4,38,3420,1,2,39,2000,10,20,43,162,8,11
176,Leicester City,3,486.0,31,28,39,38,55,179,2,3,38,3420,3,2,41,2000,18,14,51,202,6,11
177,Liverpool,3,504.0,48,24,70,38,45,228,5,4,38,3420,0,1,38,2000,9,20,39,165,9,14
178,Manchester City,2,605.0,28,30,38,38,61,165,3,2,38,3420,0,3,38,2000,20,7,65,204,11,7
179,Manchester United,2,430.0,60,27,77,38,41,251,3,3,38,3420,5,4,43,2000,6,27,31,140,8,16
180,Middlesbrough,3,572.0,25,26,43,38,83,175,5,3,35,3150,1,2,36,2000,14,8,41,180,13,7
181,Newcastle United,5,508.0,27,28,42,38,48,183,5,7,38,3420,1,2,39,2000,15,14,50,179,9,7
182,Southampton,0,492.0,28,24,40,38,42,173,1,0,38,3420,0,2,38,2000,14,14,48,182,10,14
183,Sunderland,2,609.0,32,25,46,38,72,195,6,4,38,3420,1,2,39,2000,11,15,41,176,12,13
184,Tottenham Hotspur,3,523.0,31,28,46,38,47,185,2,4,38,3420,1,2,39,2000,15,13,53,208,9,11
185,West Ham United,4,465.0,30,32,45,38,71,217,2,4,38,3420,1,3,39,2000,16,10,48,180,12,8
186,Arsenal,6,539.0,54,25,79,38,77,292,6,7,38,3420,1,3,39,2001,3,26,36,178,9,14
187,Aston Villa,2,485.0,38,21,44,38,41,202,0,2,38,3420,0,2,38,2001,12,12,47,193,14,8
188,Blackburn Rovers,1,533.0,39,24,54,38,56,253,4,1,38,3420,0,2,38,2001,16,12,51,250,10,8
189,Bolton Wanderers,0,506.0,25,28,42,38,57,205,6,1,38,3448,2,5,40,2001,16,9,65,252,13,7
190,Charlton Athletic,0,500.0,25,25,36,38,59,212,3,1,38,3420,0,1,38,2001,14,10,49,223,14,12
191,Chelsea,3,438.0,43,24,65,38,63,237,2,3,38,3510,1,3,39,2001,8,17,38,192,13,15
192,Derby County,2,498.0,23,29,33,38,71,163,2,5,38,3410,1,3,39,2001,24,8,63,248,6,6
193,Everton,3,584.0,31,27,44,38,57,213,4,3,38,3420,0,2,38,2001,17,11,57,241,10,11
194,Fulham,1,452.0,28,23,35,38,53,180,1,3,38,3420,1,2,39,2001,14,10,44,207,14,15
195,Ipswich Town,1,471.0,32,25,41,38,43,231,1,3,34,3150,1,3,35,2001,20,9,64,224,9,8
196,Leeds United,1,583.0,46,21,54,38,74,267,5,2,38,3420,0,1,38,2001,8,18,37,195,12,18
197,Leicester City,2,558.0,21,28,29,38,75,167,3,4,38,3420,1,2,39,2001,20,5,64,242,13,7
198,Liverpool,1,439.0,51,24,63,38,42,262,3,3,37,3330,1,3,38,2001,6,24,30,156,8,18
199,Manchester United,5,426.0,56,26,81,38,53,289,1,5,38,3440,1,2,39,2001,9,24,44,168,5,13
200,Middlesbrough,2,470.0,21,29,33,38,51,142,8,3,38,3399,2,3,40,2001,17,12,47,249,9,12
201,Newcastle United,5,497.0,53,19,72,38,45,265,2,7,38,3420,0,1,38,2001,9,21,52,225,8,9
202,Southampton,4,466.0,30,27,42,38,33,168,3,4,38,3420,0,2,38,2001,17,12,54,204,9,9
203,Sunderland,1,509.0,19,25,29,38,66,190,1,3,38,3420,0,2,38,2001,18,10,51,229,10,11
204,Tottenham Hotspur,3,465.0,33,24,48,38,56,212,4,3,38,3420,0,2,38,2001,16,14,53,199,8,8
205,West Ham United,4,497.0,34,27,48,38,67,210,3,5,38,3420,0,2,38,2001,15,15,57,215,8,13
206,Arsenal,5,515.0,66,28,84,38,56,259,3,6,38,3420,1,3,39,2002,6,23,42,147,9,10
207,Aston Villa,3,571.0,29,27,42,38,65,196,4,4,38,3420,1,2,39,2002,17,12,47,176,9,9
208,Birmingham City,4,553.0,26,34,40,38,70,141,4,5,38,3420,1,4,39,2002,16,13,49,171,9,9
209,Blackburn Rovers,5,590.0,38,27,50,38,62,174,4,6,38,3420,0,2,38,2002,10,16,43,207,12,15
210,Bolton Wanderers,1,464.0,24,27,38,38,66,152,4,2,38,3420,0,1,38,2002,14,10,51,189,14,10
211,Charlton Athletic,4,533.0,24,26,43,38,57,156,2,5,38,3420,1,2,39,2002,17,14,56,190,7,8
212,Chelsea,3,498.0,40,21,67,38,63,222,1,3,38,3420,0,2,38,2002,9,19,38,156,10,13
213,Everton,4,514.0,32,26,48,38,52,182,7,4,38,3420,0,4,38,2002,13,17,49,173,8,11
214,Fulham,6,540.0,23,27,38,38,56,182,6,7,38,3420,2,3,40,2002,17,13,50,197,8,11
215,Leeds United,4,568.0,39,26,54,38,69,176,2,5,38,3420,0,1,38,2002,19,14,57,188,5,10
216,Liverpool,4,439.0,49,23,61,38,48,209,3,6,38,3420,0,2,38,2002,10,18,41,146,10,14
217,Manchester City,2,510.0,40,26,47,38,55,168,6,2,38,3420,0,2,38,2002,17,15,54,184,6,10
218,Manchester United,9,488.0,56,26,73,38,49,235,1,9,38,3420,3,3,41,2002,5,25,34,122,8,13
219,Middlesbrough,2,515.0,31,29,48,38,52,139,5,3,38,3420,0,1,38,2002,15,13,44,184,10,10
220,Newcastle United,3,500.0,42,25,63,38,50,221,3,4,38,3420,0,1,38,2002,11,21,48,179,6,14
221,Southampton,6,548.0,24,24,42,38,47,191,3,6,38,3420,1,2,39,2002,12,13,46,197,13,13
222,Sunderland,1,573.0,16,33,21,38,61,142,0,3,38,3420,2,4,40,2002,27,4,65,210,7,6
223,Tottenham Hotspur,3,497.0,35,24,50,38,60,166,6,3,38,3420,0,1,38,2002,16,14,62,210,8,5
224,West Bromwich Albion,1,573.0,11,22,29,38,54,167,4,1,38,3420,1,2,39,2002,24,6,65,208,8,6
225,West Ham United,4,542.0,29,24,41,38,68,185,4,5,38,3420,0,1,38,2002,16,10,59,198,12,9
226,Arsenal,7,532.0,52,22,69,38,53,235,3,7,38,3420,0,1,38,2003,0,26,26,114,12,15
227,Aston Villa,4,609.0,34,24,48,38,56,182,3,5,38,3420,2,2,40,2003,12,15,44,173,11,12
228,Birmingham City,4,560.0,29,27,43,38,44,161,5,5,38,3420,2,2,40,2003,12,12,48,183,14,15
229,Blackburn Rovers,0,556.0,39,28,52,38,62,184,3,0,38,3420,0,2,38,2003,18,12,59,201,8,9
230,Bolton Wanderers,1,521.0,35,24,47,38,72,212,0,1,38,3420,0,1,38,2003,13,14,56,182,11,10
231,Charlton Athletic,6,494.0,29,23,50,38,36,154,2,8,38,3420,0,2,38,2003,13,14,51,205,11,10
232,Chelsea,4,543.0,58,27,67,38,52,216,4,4,38,3420,0,3,38,2003,7,24,30,125,7,21
233,Everton,1,474.0,31,26,42,38,55,160,3,1,38,3330,1,3,39,2003,17,9,57,190,12,10
234,Fulham,2,537.0,32,30,52,38,63,154,3,3,38,3330,0,2,38,2003,14,14,46,207,10,15
235,Leeds United,4,564.0,28,29,40,38,69,134,5,4,38,3420,1,2,39,2003,21,8,79,215,9,3
236,Leicester City,2,558.0,37,28,45,38,60,168,7,3,38,3420,3,2,41,2003,17,6,65,210,15,9
237,Liverpool,8,479.0,36,24,53,38,46,221,1,10,36,3240,1,3,37,2003,9,15,35,139,12,12
238,Manchester City,4,463.0,37,24,52,38,51,198,4,4,38,3420,2,3,40,2003,15,9,54,184,14,7
239,Manchester United,1,448.0,54,22,63,38,43,182,3,4,38,3330,0,2,38,2003,9,23,35,163,6,14
240,Middlesbrough,3,554.0,28,27,42,38,55,182,1,5,38,3420,0,3,38,2003,16,13,52,182,9,14
241,Newcastle United,7,534.0,33,23,53,38,47,178,3,10,38,3420,0,1,38,2003,8,13,40,171,17,11
242,Portsmouth,3,603.0,31,31,49,38,61,167,3,3,38,3420,0,3,38,2003,17,12,54,192,9,8
243,Southampton,2,504.0,27,27,43,38,53,175,3,2,30,2700,0,2,30,2003,13,9,39,179,8,8
244,Tottenham Hotspur,3,595.0,33,27,47,38,58,186,1,3,38,3420,0,1,38,2003,19,13,57,198,6,8
245,Wolverhampton Wanderers,1,520.0,25,27,39,38,67,177,2,4,48,4320,0,3,48,2003,22,11,85,283,15,12
246,Arsenal,3,441.0,68,24,86,38,46,301,1,4,38,3420,0,2,38,2004,5,25,36,146,8,16
247,Aston Villa,3,583.0,34,21,43,38,55,213,2,6,38,3420,1,2,39,2004,15,12,52,236,11,11
248,Birmingham City,2,492.0,24,25,37,38,61,158,3,2,38,3420,0,1,38,2004,15,11,46,212,12,9
249,Blackburn Rovers,2,554.0,24,27,31,38,73,196,5,3,38,3420,0,1,38,2004,14,9,43,227,15,15
250,Bolton Wanderers,5,538.0,33,24,49,38,58,260,2,6,38,3420,1,3,39,2004,12,16,44,179,10,8
251,Charlton Athletic,0,450.0,28,21,41,38,35,171,4,0,38,3420,0,2,38,2004,16,12,58,232,10,12
252,Chelsea,5,479.0,58,27,71,38,54,310,0,6,38,3420,0,2,38,2004,1,29,15,112,8,25
253,Crystal Palace,10,539.0,26,26,43,38,58,191,3,12,38,3420,0,2,38,2004,19,7,62,291,12,10
254,Everton,2,508.0,34,21,45,38,55,173,4,3,38,3420,1,2,39,2004,13,18,46,194,7,13
255,Fulham,2,477.0,39,24,52,38,56,187,7,4,38,3420,1,2,39,2004,18,12,60,258,8,8
256,Liverpool,3,430.0,42,28,49,38,45,245,2,5,38,3420,0,3,38,2004,14,17,41,171,7,7
257,Manchester City,5,475.0,33,24,45,38,44,213,3,6,38,3420,0,1,38,2004,12,13,39,195,13,11
258,Manchester United,3,477.0,45,24,57,38,56,337,5,4,38,3420,0,2,38,2004,5,22,26,106,11,19
259,Middlesbrough,1,474.0,39,27,49,38,54,242,2,1,38,3420,0,3,38,2004,11,14,46,213,13,11
260,Newcastle United,3,526.0,32,26,44,38,65,240,6,3,38,3420,0,2,38,2004,14,10,57,236,14,6
261,Norwich City,3,534.0,29,25,41,38,39,183,2,4,38,3420,1,2,39,2004,19,7,77,291,12,6
262,Portsmouth,6,393.0,30,23,41,38,45,173,1,6,38,3420,0,3,38,2004,19,10,59,266,9,5
263,Southampton,3,431.0,30,28,44,38,45,173,2,3,38,3420,1,4,39,2004,19,6,68,170,14,3
264,Tottenham Hotspur,1,424.0,32,27,47,38,49,242,1,1,38,3420,1,2,39,2004,14,14,41,217,10,13
265,West Bromwich Albion,2,512.0,25,26,34,38,41,191,5,3,38,3420,1,2,39,2004,16,6,61,247,16,8
266,Arsenal,4,479.0,46,27,66,38,55,275,2,7,38,3420,0,1,38,2005,11,20,31,169,7,16
267,Aston Villa,1,522.0,35,25,41,38,63,189,1,4,38,3420,0,2,38,2005,16,10,55,251,12,11
268,Birmingham City,2,484.0,19,27,26,38,53,171,7,2,38,3420,0,2,38,2005,20,8,50,222,10,10
269,Blackburn Rovers,4,568.0,29,23,49,38,78,181,6,4,38,3420,0,1,38,2005,13,19,42,185,6,16
270,Bolton Wanderers,2,506.0,33,24,47,38,64,204,3,4,38,3420,0,1,38,2005,12,15,41,188,11,15
271,Charlton Athletic,4,500.0,29,27,41,38,44,189,2,4,35,3150,0,2,35,2005,15,12,47,211,8,12
272,Chelsea,4,435.0,50,24,71,38,64,279,5,4,38,3420,1,3,39,2005,5,29,22,154,4,20
273,Everton,1,538.0,25,23,32,38,65,206,7,3,44,3879,2,4,46,2005,20,14,58,231,9,13
274,Fulham,4,467.0,35,26,47,38,65,180,2,4,38,3420,2,3,40,2005,18,14,58,226,6,10
275,Liverpool,4,446.0,42,22,54,38,50,283,5,5,38,3412,0,2,38,2005,6,25,25,163,7,22
276,Manchester City,1,513.0,31,25,42,38,69,206,4,2,38,3420,0,1,38,2005,21,13,48,206,4,6
277,Manchester United,2,483.0,50,23,68,38,61,286,2,3,38,3420,1,2,39,2005,5,25,34,187,8,18
278,Middlesbrough,5,490.0,34,30,48,38,53,211,3,5,38,3420,0,3,38,2005,17,12,58,222,9,10
279,Newcastle United,5,593.0,31,22,45,38,63,209,6,5,38,3420,0,1,38,2005,14,17,42,175,7,13
280,Portsmouth,2,499.0,22,28,36,38,55,227,1,2,35,3150,0,2,35,2005,18,10,61,194,4,5
281,Sunderland,2,536.0,15,27,24,38,69,180,4,2,38,3420,0,2,38,2005,29,3,69,277,6,4
282,Tottenham Hotspur,4,455.0,38,23,52,38,50,231,6,6,38,3420,0,1,38,2005,9,18,38,165,11,13
283,West Bromwich Albion,1,466.0,18,26,31,38,47,155,2,2,38,3391,0,2,38,2005,22,7,56,245,9,10
284,West Ham United,3,478.0,29,26,48,38,50,164,2,5,38,3420,1,4,39,2005,15,16,55,219,7,9
285,Wigan Athletic,1,497.0,30,25,44,38,55,211,4,1,38,3420,1,2,39,2005,17,15,52,201,6,10
286,Arsenal,10,367.0,48,24,60,38,58,249,3,11,38,3420,0,3,38,2006,8,19,35,177,11,12
287,Aston Villa,6,541.0,31,29,45,38,50,228,1,8,38,3420,2,3,40,2006,10,11,41,207,17,13
288,Blackburn Rovers,5,497.0,33,27,49,38,73,211,6,7,38,3420,1,2,39,2006,16,15,54,277,7,8
289,Bolton Wanderers,6,528.0,35,22,45,38,86,195,4,7,38,3420,0,1,38,2006,14,16,52,216,8,12
290,Charlton Athletic,4,443.0,22,28,32,38,64,172,4,4,38,3420,0,3,38,2006,20,8,60,247,10,11
291,Chelsea,3,437.0,49,25,58,38,64,235,4,4,38,3335,0,3,38,2006,3,24,24,175,11,22
292,Everton,8,523.0,35,24,50,38,65,200,1,8,38,3420,0,3,38,2006,10,15,36,221,13,14
293,Fulham,3,459.0,27,24,36,38,58,177,3,3,38,3420,1,2,39,2006,15,8,60,237,15,7
294,Liverpool,6,446.0,44,27,56,38,44,249,0,7,38,3420,0,3,38,2006,10,20,27,173,8,20
295,Manchester City,2,493.0,21,26,28,38,53,179,4,4,38,3420,2,3,40,2006,18,11,44,199,9,14
296,Manchester United,5,426.0,60,25,80,38,57,300,1,6,38,3420,0,2,38,2006,5,28,27,176,5,16
297,Middlesbrough,4,489.0,33,26,43,38,65,169,2,5,38,3420,0,2,38,2006,16,12,49,234,10,9
298,Newcastle United,5,461.0,26,29,38,38,68,182,1,5,38,3416,3,3,41,2006,17,11,47,224,10,7
299,Portsmouth,2,505.0,31,22,40,38,47,195,2,3,38,3420,0,1,38,2006,13,13,42,214,12,12
300,Reading,3,400.0,38,23,48,38,40,167,3,3,38,3420,2,2,40,2006,15,16,47,223,7,13
301,Sheffield United,2,438.0,21,29,31,38,66,193,2,4,38,3392,0,3,38,2006,20,10,55,235,8,9
302,Tottenham Hotspur,5,410.0,37,25,54,38,45,214,3,5,38,3420,0,1,38,2006,12,17,54,196,9,6
303,Watford,3,517.0,18,28,24,38,46,144,2,3,38,3419,1,2,39,2006,20,5,59,272,13,9
304,West Ham United,1,573.0,25,26,36,38,94,153,4,3,38,3420,0,2,38,2006,21,12,59,239,5,9
305,Wigan Athletic,3,510.0,24,23,37,38,76,188,4,6,38,3420,1,3,39,2006,20,10,60,236,8,10
306,Arsenal,5,389.0,57,27,73,38,55,250,3,6,38,3420,1,3,39,2007,3,24,31,155,11,15
307,Aston Villa,6,523.0,42,22,66,38,56,200,4,7,38,3420,1,2,39,2007,10,16,51,170,12,9
308,Birmingham City,6,502.0,21,28,44,38,69,178,3,6,38,3420,0,3,38,2007,19,8,62,266,11,3
309,Blackburn Rovers,5,552.0,32,22,50,38,74,219,6,6,38,3420,0,1,38,2007,10,15,48,201,13,8
310,Bolton Wanderers,0,499.0,22,30,34,38,75,162,0,1,38,3420,0,2,38,2007,19,9,54,207,10,12
311,Chelsea,7,431.0,52,26,64,38,65,207,6,7,38,3420,1,3,39,2007,3,25,26,142,10,21
312,Derby County,0,515.0,12,36,19,38,62,141,1,0,38,3420,0,3,38,2007,29,1,89,263,8,3
313,Everton,1,474.0,30,23,53,38,40,190,3,1,38,3420,0,2,38,2007,11,19,33,176,8,14
314,Fulham,2,477.0,17,32,37,38,59,174,6,3,38,3420,0,3,38,2007,18,8,60,230,12,7
315,Liverpool,5,440.0,43,25,64,38,46,266,1,5,38,3420,0,1,38,2007,4,21,28,138,13,18
316,Manchester City,2,395.0,30,28,42,38,51,169,4,2,38,3420,0,3,38,2007,13,15,53,221,10,11
317,Manchester United,6,406.0,52,25,78,38,51,301,2,8,38,3420,1,3,39,2007,5,27,22,150,6,21
318,Middlesbrough,2,516.0,27,29,43,38,85,181,2,2,38,3420,0,3,38,2007,16,10,53,184,12,8
319,Newcastle United,4,470.0,27,26,43,38,59,174,1,4,38,3420,2,2,40,2007,17,11,65,256,10,8
320,Portsmouth,4,528.0,32,28,46,38,56,185,3,7,38,3420,0,2,38,2007,13,16,40,205,9,16
321,Reading,2,451.0,26,26,41,38,61,183,5,4,38,3420,0,1,38,2007,22,10,66,254,6,8
322,Sunderland,1,502.0,21,31,36,38,66,153,3,2,38,3420,0,3,38,2007,21,11,59,182,6,7
323,Tottenham Hotspur,4,385.0,35,30,65,38,51,236,1,6,38,3420,0,2,38,2007,14,11,61,206,13,9
324,West Ham United,2,517.0,29,28,39,38,65,179,2,2,38,3420,0,1,38,2007,15,13,50,189,10,8
325,Wigan Athletic,4,502.0,19,27,33,38,60,184,4,5,38,3420,0,2,38,2007,18,10,51,197,10,12
326,Arsenal,5,449.0,48,28,65,38,59,231,3,5,38,3420,1,3,39,2008,6,20,37,149,12,14
327,Aston Villa,4,462.0,35,21,48,38,53,180,2,5,38,3420,1,2,39,2008,10,17,48,186,11,13
328,Blackburn Rovers,4,546.0,28,28,40,38,76,153,4,7,38,3420,1,2,39,2008,17,10,60,177,11,10
329,Bolton Wanderers,0,527.0,28,24,40,38,61,185,1,1,38,3420,0,1,38,2008,19,11,53,213,8,7
330,Chelsea,2,438.0,45,29,65,38,50,285,3,2,38,3420,0,3,38,2008,5,25,24,144,8,22
331,Everton,4,512.0,38,25,54,38,49,200,1,5,38,3420,0,1,38,2008,9,17,37,186,12,17
332,Fulham,5,446.0,24,25,39,38,40,173,1,5,38,3420,0,1,38,2008,13,14,34,195,11,15
333,Hull City,3,568.0,17,29,35,38,71,160,3,3,38,3420,0,2,38,2008,19,8,64,212,11,6
334,Liverpool,5,447.0,50,23,73,38,50,269,0,6,38,3420,0,1,38,2008,2,25,27,122,11,20
335,Manchester City,6,492.0,35,34,56,38,50,213,4,7,38,3420,1,3,39,2008,18,15,50,192,5,10
336,Manchester United,4,425.0,51,33,68,38,64,272,5,4,38,3420,1,3,39,2008,4,28,24,138,6,24
337,Middlesbrough,1,450.0,17,28,26,38,54,153,3,3,38,3420,0,2,38,2008,20,7,57,216,11,7
338,Newcastle United,4,438.0,23,29,39,38,59,149,8,5,38,3420,0,2,38,2008,18,7,59,210,13,7
339,Portsmouth,2,460.0,25,29,36,38,61,163,5,3,38,3420,0,2,38,2008,17,10,57,212,11,8
340,Stoke City,5,515.0,23,29,36,38,74,120,5,6,38,3420,3,2,41,2008,17,12,55,191,9,12
341,Sunderland,1,399.0,19,30,32,38,69,164,1,1,38,3420,0,2,38,2008,20,9,54,168,9,9
342,Tottenham Hotspur,3,460.0,30,29,43,38,56,209,5,4,38,3420,0,2,38,2008,15,14,45,203,9,13
343,West Bromwich Albion,3,466.0,23,30,34,38,66,182,1,5,38,3420,0,2,38,2008,22,8,67,227,8,8
344,West Ham United,1,500.0,25,30,41,38,68,180,4,3,38,3420,0,1,38,2008,15,14,45,197,9,10
345,Wigan Athletic,5,465.0,15,29,33,38,61,183,4,5,38,3420,1,3,39,2008,17,12,45,134,9,13
346,Arsenal,3,468.0,53,30,79,38,56,237,1,4,38,3420,0,3,38,2009,9,23,41,129,6,14
347,Aston Villa,5,504.0,34,23,48,38,60,164,2,8,38,3420,0,1,38,2009,8,17,39,186,13,15
348,Birmingham City,2,449.0,22,25,36,38,74,156,1,4,38,3420,0,2,38,2009,14,13,47,208,11,11
349,Blackburn Rovers,3,538.0,22,27,38,38,59,166,2,3,38,3420,1,2,39,2009,14,13,55,176,11,13
350,Bolton Wanderers,4,552.0,24,25,42,38,75,171,5,4,38,3420,0,1,38,2009,19,10,67,208,9,5
351,Burnley,6,451.0,25,26,42,38,57,154,2,6,38,3420,1,2,39,2009,24,8,82,234,6,3
352,Chelsea,11,461.0,64,30,99,38,57,284,5,12,38,3420,1,3,39,2009,6,27,32,113,5,18
353,Everton,5,511.0,33,28,56,38,58,206,2,6,38,3420,0,1,38,2009,9,16,49,170,13,11
354,Fulham,4,465.0,21,29,38,38,46,141,1,4,38,3420,0,2,38,2009,16,12,46,176,10,12
355,Hull City,6,554.0,16,30,33,38,66,120,6,8,38,3420,0,2,38,2009,20,6,75,236,12,7
356,Liverpool,3,457.0,37,29,58,38,56,192,5,3,38,3420,0,1,38,2009,11,18,35,139,9,17
357,Manchester City,5,443.0,48,31,73,38,51,199,2,5,38,3420,1,3,39,2009,7,18,45,157,13,11
358,Manchester United,6,441.0,48,30,74,38,51,246,4,8,38,3420,0,3,38,2009,7,27,28,146,4,19
359,Portsmouth,3,500.0,19,33,34,38,71,149,5,6,38,3420,2,3,40,2009,24,7,66,211,7,7
360,Stoke City,2,476.0,23,23,32,38,66,119,5,2,38,3420,2,3,40,2009,13,11,48,192,14,14
361,Sunderland,6,540.0,28,28,45,38,82,152,9,9,38,3420,1,2,39,2009,16,11,56,199,11,7
362,Tottenham Hotspur,2,453.0,45,30,66,38,58,230,1,3,38,3420,1,3,39,2009,10,21,41,178,7,13
363,West Ham United,7,539.0,27,30,46,38,66,187,3,9,38,3420,1,2,39,2009,19,8,66,193,11,8
364,Wigan Athletic,1,500.0,21,27,36,38,64,182,3,2,38,3420,2,3,40,2009,20,9,79,206,9,8
365,Wolverhampton Wanderers,2,513.0,15,29,28,38,64,142,4,2,38,3420,0,2,38,2009,18,9,56,225,11,8
366,Arsenal,4,442.0,51,27,70,38,68,243,6,7,38,3420,0,4,38,2010,8,19,44,150,11,13
367,Aston Villa,4,448.0,32,32,45,38,70,167,2,6,38,3420,0,1,38,2010,14,12,59,189,12,7
368,Birmingham City,2,420.0,23,26,37,38,57,122,3,2,38,3420,1,2,39,2010,15,8,58,257,15,9
369,Blackburn Rovers,1,465.0,28,29,43,38,65,143,4,2,38,3420,1,2,39,2010,17,11,59,194,10,8
370,Blackpool,7,433.0,29,30,54,38,47,171,2,8,38,3420,3,4,41,2010,19,10,80,240,9,6
371,Bolton Wanderers,4,503.0,34,24,50,38,69,176,6,5,38,3420,1,2,39,2010,16,12,56,193,10,5
372,Chelsea,6,433.0,39,24,68,38,59,241,1,8,38,3420,0,1,38,2010,9,21,33,148,8,15
373,Everton,3,482.0,33,24,50,38,58,192,5,4,38,3420,0,1,38,2010,10,13,45,153,15,9
374,Fulham,2,477.0,32,29,48,38,52,182,1,3,38,3420,0,2,38,2010,11,11,43,171,16,14
375,Liverpool,7,458.0,30,30,58,38,64,204,2,8,38,3420,0,1,38,2010,14,17,44,149,7,14
376,Manchester City,8,481.0,35,27,56,38,73,182,5,9,38,3420,0,1,38,2010,9,21,33,153,8,18
377,Manchester United,3,420.0,59,29,75,38,58,218,3,5,38,3420,0,2,38,2010,4,23,37,139,11,15
378,Newcastle United,5,462.0,35,30,55,38,76,179,2,5,38,3420,1,2,39,2010,14,11,57,161,13,8
379,Stoke City,3,428.0,28,25,44,38,69,146,2,3,38,3420,0,2,38,2010,18,13,48,176,7,9
380,Sunderland,4,432.0,23,31,41,38,60,159,5,5,38,3420,0,2,38,2010,15,12,56,206,11,13
381,Tottenham Hotspur,5,382.0,34,28,54,38,51,202,2,5,38,3420,0,2,38,2010,8,16,46,183,14,8
382,West Bromwich Albion,4,425.0,37,28,52,38,54,183,7,6,38,3420,0,2,38,2010,15,12,71,182,11,2
383,West Ham United,5,447.0,21,35,41,38,59,176,1,6,38,3420,0,2,38,2010,19,7,70,243,12,5
384,Wigan Athletic,2,484.0,20,25,37,38,68,175,4,3,38,3420,1,3,39,2010,14,9,61,196,15,7
385,Wolverhampton Wanderers,3,473.0,29,30,45,38,63,145,2,3,38,3420,0,2,38,2010,20,11,66,199,7,5
386,Arsenal,2,405.0,57,32,73,38,67,230,4,3,38,3420,0,1,38,2011,10,21,49,135,7,13
387,Aston Villa,3,415.0,26,27,37,38,70,146,2,3,38,3420,1,2,39,2011,14,7,53,185,17,9
388,Blackburn Rovers,4,442.0,32,31,44,38,68,150,5,8,38,3420,0,3,38,2011,23,8,78,190,7,3
389,Bolton Wanderers,5,448.0,29,30,43,38,51,159,5,6,38,3420,0,2,38,2011,22,10,77,233,6,3
390,Chelsea,4,419.0,45,29,63,38,75,232,4,5,38,3420,0,3,38,2011,10,19,46,161,10,10
391,Everton,5,452.0,32,29,47,38,58,166,1,5,38,3420,0,1,38,2011,12,15,40,138,11,12
392,Fulham,3,370.0,31,28,44,38,54,197,0,4,38,3420,0,2,38,2011,14,14,51,200,10,11
393,Liverpool,1,390.0,23,26,42,38,55,210,5,4,38,3412,1,3,39,2011,14,14,40,137,10,12
394,Manchester City,7,422.0,73,24,91,38,55,262,5,8,38,3420,0,1,38,2011,5,28,29,133,5,17
395,Manchester United,9,378.0,69,31,87,38,50,255,1,11,38,3420,0,3,38,2011,5,28,33,159,5,20
396,Newcastle United,2,405.0,36,26,51,38,67,157,2,3,38,3420,0,1,38,2011,11,19,51,176,8,15
397,Norwich City,2,399.0,33,27,52,38,59,171,3,2,38,3420,1,2,39,2011,15,12,66,228,11,3
398,Queens Park Rangers,2,405.0,25,34,41,38,56,156,9,2,38,3420,0,2,38,2011,21,9,66,207,7,7
399,Stoke City,4,446.0,28,23,35,38,60,105,2,6,38,3420,1,2,39,2011,15,11,53,177,12,9
400,Sunderland,1,396.0,25,28,43,38,60,147,3,2,38,3420,1,3,39,2011,15,11,46,170,12,12
401,Swansea City,5,313.0,24,25,43,38,41,149,2,6,38,3420,0,2,38,2011,15,12,51,198,11,14
402,Tottenham Hotspur,4,381.0,48,29,66,38,45,240,3,5,38,3420,0,1,38,2011,9,20,41,163,9,14
403,West Bromwich Albion,1,421.0,30,25,44,38,48,184,1,2,38,3420,0,2,38,2011,17,13,52,171,8,10
404,Wigan Athletic,5,468.0,22,24,41,38,68,161,3,7,38,3420,0,1,38,2011,17,11,62,200,10,8
405,Wolverhampton Wanderers,3,364.0,25,32,40,38,65,152,4,4,38,3420,1,3,39,2011,23,5,82,271,10,4
406,Arsenal,5,374.0,54,26,69,38,44,272,5,6,38,3420,0,3,38,2012,7,21,37,142,10,14
407,Aston Villa,3,457.0,34,28,47,38,74,176,3,3,38,3420,0,2,38,2012,17,10,69,193,11,5
408,Chelsea,9,370.0,50,26,71,38,52,257,3,11,38,3420,1,2,39,2012,7,22,39,162,9,14
409,Everton,2,446.0,42,23,53,38,61,266,3,2,38,3420,0,2,38,2012,7,16,40,143,15,11
410,Fulham,6,420.0,32,29,45,38,48,205,3,6,38,3420,0,2,38,2012,17,11,60,198,10,8
411,Liverpool,5,399.0,47,28,67,38,54,297,2,6,38,3420,0,2,38,2012,9,16,43,135,13,16
412,Manchester City,4,456.0,45,25,64,38,63,285,3,6,38,3420,0,1,38,2012,6,23,34,112,9,18
413,Manchester United,4,371.0,63,25,80,38,56,243,1,7,38,3420,0,2,38,2012,5,28,43,152,5,13
414,Newcastle United,4,459.0,22,32,43,38,73,208,4,5,38,3420,2,3,40,2012,19,11,68,189,8,6
415,Norwich City,1,421.0,27,27,40,38,60,177,1,2,38,3420,3,3,41,2012,14,10,58,176,14,10
416,Queens Park Rangers,1,397.0,22,30,29,38,60,183,3,4,38,3420,2,2,40,2012,21,4,60,192,13,7
417,Reading,4,387.0,28,28,41,38,45,146,1,4,38,3420,0,3,38,2012,22,6,73,236,10,5
418,Southampton,3,406.0,25,25,46,38,43,207,2,3,38,3420,1,3,39,2012,15,9,60,162,14,7
419,Stoke City,3,485.0,23,24,33,38,80,144,4,5,38,3420,0,1,38,2012,14,9,45,154,15,12
420,Sunderland,4,454.0,24,28,39,38,62,164,3,4,38,3420,0,1,38,2012,17,9,54,200,12,11
421,Swansea City,0,399.0,32,25,47,38,59,209,2,0,38,3420,2,2,40,2012,14,11,51,201,13,10
422,Tottenham Hotspur,0,382.0,45,28,62,38,54,284,2,0,38,3420,0,2,38,2012,8,21,46,127,9,9
423,West Bromwich Albion,5,429.0,38,25,50,38,62,200,4,7,38,3420,0,2,38,2012,17,14,57,177,7,8
424,West Ham United,4,467.0,33,26,43,38,74,206,1,4,38,3420,0,1,38,2012,16,12,53,215,10,11
425,Wigan Athletic,1,444.0,35,28,45,38,66,209,2,1,38,3420,0,2,38,2012,20,9,73,188,9,5
426,Arsenal,3,326.0,48,27,68,38,53,254,4,3,37,3330,0,1,37,2013,7,23,41,147,7,16
427,Aston Villa,2,483.0,25,26,38,38,78,136,0,4,38,3420,0,1,38,2013,20,10,61,174,8,9
428,Cardiff City,1,348.0,24,32,31,38,49,125,1,1,38,3420,0,2,38,2013,22,7,74,220,9,7
429,Chelsea,5,424.0,39,29,69,38,59,281,3,7,38,3420,0,2,38,2013,6,25,27,121,7,18
430,Crystal Palace,5,408.0,21,32,32,38,58,142,2,6,38,3420,0,2,38,2013,19,13,48,169,6,12
431,Everton,3,360.0,42,28,58,38,54,235,1,3,38,3420,1,2,39,2013,8,21,39,148,9,15
432,Fulham,2,385.0,28,39,38,38,58,149,1,3,38,3420,2,2,40,2013,24,9,85,241,5,4
433,Hull City,2,418.0,21,27,35,38,54,129,4,3,38,3419,2,3,40,2013,21,10,53,164,7,10
434,Liverpool,10,410.0,61,25,97,38,54,300,1,12,38,3420,0,1,38,2013,6,26,50,152,6,10
435,Manchester City,6,393.0,63,23,97,38,72,239,1,7,38,3420,0,2,38,2013,6,27,37,126,5,16
436,Manchester United,5,400.0,37,30,63,38,68,234,3,5,38,3420,0,2,38,2013,12,19,43,143,7,13
437,Newcastle United,2,412.0,25,26,41,38,53,185,6,3,38,3420,0,2,38,2013,19,15,59,170,4,10
438,Norwich City,1,425.0,18,25,28,38,63,145,2,2,38,3420,0,1,38,2013,21,8,62,189,9,12
439,Southampton,3,444.0,37,24,52,38,60,181,0,3,38,3420,1,3,39,2013,12,15,46,132,11,15
440,Stoke City,4,486.0,26,26,44,38,75,142,5,5,38,3420,1,3,39,2013,14,13,52,173,11,9
441,Sunderland,6,444.0,24,31,41,38,69,135,7,6,38,3420,1,2,39,2013,20,10,60,217,8,11
442,Swansea City,4,374.0,37,27,47,38,56,163,3,4,38,3420,0,2,38,2013,18,11,54,155,9,8
443,Tottenham Hotspur,5,403.0,33,28,50,38,65,228,4,6,38,3420,0,2,38,2013,11,21,51,152,6,14
444,West Bromwich Albion,2,424.0,27,28,41,38,67,145,0,2,38,3420,1,3,39,2013,16,7,59,174,15,6
445,West Ham United,2,402.0,22,29,36,38,64,123,5,2,38,3420,0,2,38,2013,20,11,51,193,7,14
446,Arsenal,6,377.0,47,29,69,38,69,226,2,7,38,3420,1,3,39,2014,7,22,36,128,9,13
447,Aston Villa,1,398.0,23,27,31,38,73,127,7,1,38,3420,0,3,38,2014,20,10,57,168,8,10
448,Burnley,1,406.0,22,24,27,38,65,124,2,2,38,3420,0,1,38,2014,19,7,53,179,12,10
449,Chelsea,4,382.0,59,25,72,38,74,209,4,5,38,3420,1,2,39,2014,3,26,32,121,9,17
450,Crystal Palace,5,527.0,27,30,46,38,67,139,4,7,38,3420,1,2,39,2014,16,13,51,144,9,7
451,Everton,4,387.0,31,28,47,38,68,167,2,7,38,3420,1,2,39,2014,15,12,50,128,11,10
452,Hull City,1,451.0,22,29,32,38,74,131,6,1,38,3420,1,3,39,2014,19,8,51,153,11,10
453,Leicester City,3,485.0,29,28,45,38,50,137,4,3,38,3420,0,3,38,2014,19,11,55,173,8,10
454,Liverpool,5,386.0,30,25,48,38,68,193,3,6,38,3420,1,2,39,2014,12,18,48,139,8,14
455,Manchester City,7,445.0,61,24,82,38,79,228,2,8,38,3420,0,2,38,2014,7,24,38,128,7,14
456,Manchester United,3,452.0,41,33,60,38,66,177,5,5,38,3420,1,2,39,2014,8,20,37,135,10,11
457,Newcastle United,1,433.0,30,27,40,38,72,140,7,1,38,3420,1,3,39,2014,19,10,63,161,9,8
458,Queens Park Rangers,3,450.0,29,32,39,38,77,149,3,5,38,3420,1,2,39,2014,24,8,73,209,6,6
459,Southampton,2,468.0,32,29,49,38,58,167,3,3,38,3420,1,3,39,2014,14,18,33,110,6,15
460,Stoke City,3,477.0,30,25,47,38,83,136,1,3,38,3420,0,2,38,2014,14,15,45,140,9,9
461,Sunderland,4,440.0,20,25,30,38,95,129,2,4,38,3420,0,2,38,2014,14,7,53,192,17,13
462,Swansea City,2,397.0,34,27,43,38,51,146,5,2,38,3420,1,2,39,2014,14,16,49,188,8,13
463,Tottenham Hotspur,3,442.0,40,27,56,38,80,171,4,5,38,3420,1,2,39,2014,12,19,53,170,7,9
464,West Bromwich Albion,4,420.0,29,26,37,38,64,132,3,5,38,3420,1,2,39,2014,16,11,51,182,11,16
465,West Ham United,1,416.0,34,26,43,38,62,153,1,2,38,3420,1,2,39,2014,15,12,47,174,11,9
466,Arsenal,1,348.0,53,25,62,38,42,210,4,2,38,3420,0,2,38,2015,7,20,36,149,11,18
467,Aston Villa,2,429.0,19,29,24,38,75,110,3,2,38,3420,0,2,38,2015,27,3,76,186,8,6
468,Bournemouth,3,361.0,28,28,43,38,53,143,1,4,38,3420,1,3,39,2015,18,11,67,153,9,7
469,Chelsea,4,401.0,40,28,55,38,60,172,5,5,38,3419,2,2,40,2015,12,12,53,172,14,9
470,Crystal Palace,4,465.0,21,30,38,38,61,153,2,5,38,3420,0,3,38,2015,18,11,51,168,9,8
471,Everton,4,306.0,44,31,56,38,47,174,5,5,38,3420,0,2,38,2015,13,11,55,180,14,10
472,Leicester City,10,406.0,43,23,68,38,51,179,3,13,38,3420,0,1,38,2015,3,23,36,136,12,15
473,Liverpool,2,410.0,50,34,62,38,64,199,3,2,38,3420,0,3,38,2015,10,16,50,130,12,0
474,Manchester City,5,409.0,53,25,71,38,61,210,0,8,38,3420,1,2,39,2015,10,19,41,125,9,16
475,Manchester United,3,473.0,31,33,46,38,66,144,1,3,38,3420,0,2,38,2015,10,19,35,120,9,18
476,Newcastle United,3,419.0,34,31,43,38,60,150,5,3,38,3420,0,3,38,2015,19,9,65,178,10,8
477,Norwich City,1,431.0,27,28,38,38,62,130,3,1,38,3420,0,2,38,2015,22,9,67,165,7,5
478,Southampton,3,417.0,45,26,58,38,60,165,6,4,38,3420,0,4,38,2015,11,18,41,133,9,12
479,Stoke City,5,420.0,29,27,40,38,52,127,4,5,38,3420,1,3,39,2015,15,14,55,175,9,10
480,Sunderland,3,484.0,30,31,44,38,66,173,2,3,38,3420,0,3,38,2015,17,9,62,214,12,7
481,Swansea City,5,392.0,25,27,41,38,60,135,1,5,38,3420,0,2,38,2015,15,12,52,165,11,9
482,Tottenham Hotspur,5,451.0,50,24,68,38,72,250,0,5,38,3420,0,2,38,2015,6,19,35,121,13,13
483,Watford,6,455.0,18,25,38,38,75,139,3,7,38,3420,1,2,39,2015,17,12,50,124,9,11
484,West Bromwich Albion,1,400.0,25,28,32,38,65,108,3,5,38,3420,0,2,38,2015,15,10,48,155,13,11
485,West Ham United,4,381.0,38,28,64,38,57,186,5,4,38,3420,0,2,38,2015,8,16,51,162,14,11
486,Arsenal,4,394.0,55,29,73,38,68,201,3,6,38,3420,1,3,39,2016,9,23,44,167,6,13
487,Bournemouth,7,372.0,33,27,53,38,54,160,3,10,38,3420,0,3,38,2016,16,12,67,189,10,10
488,Burnley,6,428.0,24,27,39,38,66,121,2,6,38,3420,0,2,38,2016,20,11,55,208,7,10
489,Chelsea,2,394.0,53,24,83,38,72,205,0,4,38,3420,0,2,38,2016,5,30,33,105,3,16
490,Crystal Palace,4,471.0,32,31,48,38,77,137,0,7,38,3420,0,2,38,2016,21,12,63,177,5,7
491,Everton,3,457.0,45,27,58,38,73,192,2,4,38,3420,1,2,39,2016,11,17,44,148,10,13
492,Hull City,3,403.0,24,28,36,38,67,126,5,3,38,3420,0,2,38,2016,22,9,80,214,7,5
493,Leicester City,4,447.0,32,25,46,38,72,145,1,6,38,3420,1,2,39,2016,18,12,63,191,8,9
494,Liverpool,7,396.0,52,23,77,38,54,236,0,8,38,3420,0,2,38,2016,6,22,42,114,10,12
495,Manchester City,7,395.0,54,25,75,38,71,215,4,9,38,3420,1,2,39,2016,6,23,39,105,9,11
496,Manchester United,3,498.0,37,31,54,38,79,207,2,4,38,3420,0,3,38,2016,5,18,29,116,15,17
497,Middlesbrough,2,480.0,22,27,26,38,78,98,1,2,38,3420,0,2,38,2016,20,5,53,171,13,11
498,Southampton,3,426.0,27,26,39,38,60,179,2,6,38,3420,0,1,38,2016,16,12,48,130,10,14
499,Stoke City,4,434.0,24,26,37,38,71,135,2,6,38,3420,0,3,38,2016,16,11,56,180,11,11
500,Sunderland,5,437.0,11,31,28,38,81,122,4,5,38,3420,0,2,38,2016,26,6,69,248,6,6
501,Swansea City,3,399.0,31,27,45,38,56,145,0,3,38,3420,0,2,38,2016,21,12,70,179,5,8
502,Tottenham Hotspur,7,431.0,59,24,84,38,62,257,0,9,38,3420,1,2,39,2016,4,26,26,110,8,17
503,Watford,3,514.0,27,33,39,38,87,143,5,3,38,3420,2,2,40,2016,20,11,68,187,7,6
504,West Bromwich Albion,1,448.0,33,23,43,38,80,124,0,1,38,3420,0,1,38,2016,17,12,51,161,9,6
505,West Ham United,3,408.0,28,29,46,38,82,136,5,4,38,3420,0,2,38,2016,17,12,64,182,9,10
506,Arsenal,4,388.0,61,30,73,38,57,242,2,5,38,3420,1,2,39,2017,13,19,51,150,6,13
507,Bournemouth,3,339.0,36,22,45,38,56,158,1,3,38,3420,0,1,38,2017,16,11,61,171,11,6
508,Brighton & Hove Albion,5,414.0,25,24,33,38,54,120,2,7,38,3420,0,1,38,2017,16,9,54,181,13,10
509,Burnley,0,352.0,26,24,35,38,65,127,0,0,38,3420,1,2,39,2017,12,14,39,164,12,11
510,Chelsea,3,364.0,42,26,60,38,44,222,4,3,38,3420,0,2,38,2017,10,21,38,120,7,16
511,Crystal Palace,8,425.0,26,28,44,38,72,151,0,10,38,3420,0,2,38,2017,16,11,55,177,11,9
512,Everton,5,454.0,26,30,42,38,53,123,3,8,38,3420,0,1,38,2017,15,13,58,184,10,10
513,Huddersfield Town,2,397.0,19,25,25,38,63,110,3,2,38,3420,0,1,38,2017,19,9,57,165,10,10
514,Leicester City,5,370.0,38,27,53,38,56,152,5,6,38,3420,1,3,39,2017,15,12,60,161,11,9
515,Liverpool,2,349.0,58,27,82,38,44,231,1,3,38,3420,0,2,38,2017,5,21,38,106,12,17
516,Manchester City,6,343.0,85,25,103,38,61,265,2,8,38,3420,1,2,39,2017,2,32,27,85,4,17
517,Manchester United,1,403.0,53,27,67,38,64,179,1,3,38,3420,0,2,38,2017,7,25,28,148,6,19
518,Newcastle United,0,407.0,29,27,38,38,53,151,2,1,38,3420,0,3,38,2017,18,12,47,157,8,9
519,Southampton,3,415.0,23,26,36,38,64,145,2,3,38,3420,0,2,38,2017,16,7,56,167,15,8
520,Stoke City,0,433.0,28,30,34,38,62,131,1,3,38,3420,0,2,38,2017,19,7,68,219,12,7
521,Swansea City,1,378.0,20,26,27,38,51,103,1,1,38,3420,0,1,38,2017,21,8,56,191,9,9
522,Tottenham Hotspur,2,383.0,51,25,70,38,51,217,2,3,38,3420,0,3,38,2017,7,23,36,125,8,16
523,Watford,3,440.0,27,29,42,38,64,134,4,6,38,3420,1,2,39,2017,19,11,64,159,8,9
524,West Bromwich Albion,1,440.0,24,24,31,38,73,116,1,1,38,3420,0,2,38,2017,19,6,56,156,13,10
525,West Ham United,2,378.0,29,27,48,38,74,131,2,4,38,3420,0,2,38,2017,16,10,68,190,12,10
